Backbone: resnet50
Listing image paths...
Found 7200 images across 4 classes: ['glioma', 'meningioma', 'notumor', 'pituitary']

Loading + preprocessing images...
WARNING: All log messages before absl::InitializeLog() is called are written to STDERR
I0000 00:00:1790266490.759857      58 gpu_device.cc:2020] Created device /job:localhost/replica:0/task:0/device:GPU:0 with 13756 MB memory:  -> device: 0, name: Tesla T4, pci bus id: 0000:00:04.0, compute capability: 7.5
I0000 00:00:1790266490.763129      58 gpu_device.cc:2020] Created device /job:localhost/replica:0/task:0/device:GPU:1 with 13756 MB memory:  -> device: 1, name: Tesla T4, pci bus id: 0000:00:05.0, compute capability: 7.5
  processed 1000/7200
  processed 2000/7200
  processed 3000/7200
  processed 4000/7200
  processed 5000/7200
  processed 6000/7200
  processed 7000/7200
  processed 7200/7200

======================================================================
resnet50 -- FOLD 1/5
======================================================================
Train: 4896  Val: 864  Test: 1440
Downloading data from https://storage.googleapis.com/tensorflow/keras-applications/resnet/resnet50_weights_tf_dim_ordering_tf_kernels_notop.h5
94765736/94765736 ━━━━━━━━━━━━━━━━━━━━ 1s 0us/step
Epoch 1/8
I0000 00:00:1790266592.037109     129 device_compiler.h:196] Compiled cluster using XLA!  This line is logged at most once for the lifetime of the process.
306/306 - 49s - 161ms/step - accuracy: 0.7837 - loss: 0.6363 - val_accuracy: 0.8623 - val_loss: 0.3831
Epoch 2/8
306/306 - 31s - 103ms/step - accuracy: 0.8399 - loss: 0.4325 - val_accuracy: 0.8750 - val_loss: 0.3352
Epoch 3/8
306/306 - 31s - 103ms/step - accuracy: 0.8638 - loss: 0.3723 - val_accuracy: 0.8727 - val_loss: 0.3296
Epoch 4/8
306/306 - 31s - 103ms/step - accuracy: 0.8672 - loss: 0.3529 - val_accuracy: 0.8993 - val_loss: 0.2971
Epoch 5/8
306/306 - 31s - 102ms/step - accuracy: 0.8777 - loss: 0.3283 - val_accuracy: 0.8935 - val_loss: 0.2896
Epoch 6/8
306/306 - 31s - 102ms/step - accuracy: 0.8844 - loss: 0.3116 - val_accuracy: 0.8981 - val_loss: 0.2879
Epoch 7/8
306/306 - 31s - 101ms/step - accuracy: 0.8889 - loss: 0.3012 - val_accuracy: 0.9028 - val_loss: 0.2586
Epoch 8/8
306/306 - 31s - 101ms/step - accuracy: 0.8942 - loss: 0.2804 - val_accuracy: 0.9109 - val_loss: 0.2450
Epoch 1/35
306/306 - 103s - 337ms/step - accuracy: 0.8570 - loss: 0.3820 - val_accuracy: 0.8322 - val_loss: 0.5521 - learning_rate: 1.0000e-05
Epoch 2/35
306/306 - 49s - 161ms/step - accuracy: 0.8952 - loss: 0.2864 - val_accuracy: 0.8785 - val_loss: 0.3471 - learning_rate: 1.0000e-05
Epoch 3/35
306/306 - 49s - 161ms/step - accuracy: 0.9152 - loss: 0.2239 - val_accuracy: 0.8947 - val_loss: 0.3119 - learning_rate: 1.0000e-05
Epoch 4/35
306/306 - 50s - 162ms/step - accuracy: 0.9314 - loss: 0.1819 - val_accuracy: 0.9236 - val_loss: 0.2506 - learning_rate: 1.0000e-05
Epoch 5/35
306/306 - 49s - 161ms/step - accuracy: 0.9357 - loss: 0.1699 - val_accuracy: 0.9144 - val_loss: 0.2495 - learning_rate: 1.0000e-05
Epoch 6/35
306/306 - 49s - 161ms/step - accuracy: 0.9459 - loss: 0.1506 - val_accuracy: 0.9213 - val_loss: 0.2380 - learning_rate: 1.0000e-05
Epoch 7/35
306/306 - 49s - 162ms/step - accuracy: 0.9542 - loss: 0.1290 - val_accuracy: 0.9248 - val_loss: 0.2212 - learning_rate: 1.0000e-05
Epoch 8/35
306/306 - 49s - 161ms/step - accuracy: 0.9641 - loss: 0.1031 - val_accuracy: 0.9236 - val_loss: 0.2182 - learning_rate: 1.0000e-05
Epoch 9/35
306/306 - 49s - 162ms/step - accuracy: 0.9677 - loss: 0.0952 - val_accuracy: 0.9421 - val_loss: 0.1822 - learning_rate: 1.0000e-05
Epoch 10/35
306/306 - 49s - 160ms/step - accuracy: 0.9720 - loss: 0.0865 - val_accuracy: 0.9294 - val_loss: 0.2341 - learning_rate: 1.0000e-05
Epoch 11/35
306/306 - 49s - 161ms/step - accuracy: 0.9786 - loss: 0.0718 - val_accuracy: 0.9352 - val_loss: 0.1800 - learning_rate: 1.0000e-05
Epoch 12/35
306/306 - 49s - 161ms/step - accuracy: 0.9771 - loss: 0.0700 - val_accuracy: 0.9363 - val_loss: 0.1819 - learning_rate: 1.0000e-05
Epoch 13/35
306/306 - 50s - 163ms/step - accuracy: 0.9812 - loss: 0.0641 - val_accuracy: 0.9236 - val_loss: 0.2176 - learning_rate: 1.0000e-05
Epoch 14/35
306/306 - 50s - 163ms/step - accuracy: 0.9808 - loss: 0.0634 - val_accuracy: 0.9398 - val_loss: 0.1783 - learning_rate: 1.0000e-05
Epoch 15/35
306/306 - 50s - 162ms/step - accuracy: 0.9804 - loss: 0.0591 - val_accuracy: 0.9398 - val_loss: 0.1813 - learning_rate: 1.0000e-05
Epoch 16/35
306/306 - 49s - 160ms/step - accuracy: 0.9822 - loss: 0.0539 - val_accuracy: 0.9363 - val_loss: 0.1883 - learning_rate: 1.0000e-05
Epoch 17/35
306/306 - 50s - 162ms/step - accuracy: 0.9833 - loss: 0.0508 - val_accuracy: 0.9398 - val_loss: 0.1933 - learning_rate: 1.0000e-05
Epoch 18/35
306/306 - 49s - 161ms/step - accuracy: 0.9847 - loss: 0.0469 - val_accuracy: 0.9502 - val_loss: 0.1526 - learning_rate: 1.0000e-05
Epoch 19/35
306/306 - 49s - 161ms/step - accuracy: 0.9871 - loss: 0.0417 - val_accuracy: 0.9525 - val_loss: 0.1427 - learning_rate: 1.0000e-05
Epoch 20/35
306/306 - 50s - 162ms/step - accuracy: 0.9877 - loss: 0.0371 - val_accuracy: 0.9572 - val_loss: 0.1330 - learning_rate: 1.0000e-05
Epoch 21/35
306/306 - 50s - 162ms/step - accuracy: 0.9900 - loss: 0.0357 - val_accuracy: 0.9560 - val_loss: 0.1360 - learning_rate: 1.0000e-05
Epoch 22/35
306/306 - 50s - 162ms/step - accuracy: 0.9894 - loss: 0.0330 - val_accuracy: 0.9583 - val_loss: 0.1244 - learning_rate: 1.0000e-05
Epoch 23/35
306/306 - 49s - 162ms/step - accuracy: 0.9886 - loss: 0.0375 - val_accuracy: 0.9502 - val_loss: 0.1386 - learning_rate: 1.0000e-05
Epoch 24/35
306/306 - 49s - 161ms/step - accuracy: 0.9920 - loss: 0.0308 - val_accuracy: 0.9583 - val_loss: 0.1309 - learning_rate: 1.0000e-05
Epoch 25/35
306/306 - 49s - 161ms/step - accuracy: 0.9904 - loss: 0.0307 - val_accuracy: 0.9711 - val_loss: 0.1010 - learning_rate: 1.0000e-05
Epoch 26/35
306/306 - 49s - 161ms/step - accuracy: 0.9904 - loss: 0.0301 - val_accuracy: 0.9699 - val_loss: 0.0946 - learning_rate: 1.0000e-05
Epoch 27/35
306/306 - 49s - 161ms/step - accuracy: 0.9914 - loss: 0.0279 - val_accuracy: 0.9676 - val_loss: 0.1040 - learning_rate: 1.0000e-05
Epoch 28/35
306/306 - 49s - 162ms/step - accuracy: 0.9920 - loss: 0.0276 - val_accuracy: 0.9641 - val_loss: 0.1030 - learning_rate: 1.0000e-05
Epoch 29/35
306/306 - 49s - 161ms/step - accuracy: 0.9929 - loss: 0.0242 - val_accuracy: 0.9641 - val_loss: 0.1181 - learning_rate: 1.0000e-05
Epoch 30/35
306/306 - 49s - 161ms/step - accuracy: 0.9920 - loss: 0.0254 - val_accuracy: 0.9699 - val_loss: 0.1089 - learning_rate: 1.0000e-05
Epoch 31/35
306/306 - 49s - 161ms/step - accuracy: 0.9951 - loss: 0.0197 - val_accuracy: 0.9757 - val_loss: 0.0962 - learning_rate: 5.0000e-06
Epoch 32/35
306/306 - 49s - 161ms/step - accuracy: 0.9953 - loss: 0.0183 - val_accuracy: 0.9711 - val_loss: 0.0986 - learning_rate: 5.0000e-06
Epoch 33/35
306/306 - 49s - 161ms/step - accuracy: 0.9945 - loss: 0.0203 - val_accuracy: 0.9734 - val_loss: 0.0961 - learning_rate: 5.0000e-06
Epoch 34/35
306/306 - 49s - 161ms/step - accuracy: 0.9937 - loss: 0.0208 - val_accuracy: 0.9769 - val_loss: 0.0897 - learning_rate: 5.0000e-06
Epoch 35/35
306/306 - 49s - 162ms/step - accuracy: 0.9941 - loss: 0.0213 - val_accuracy: 0.9711 - val_loss: 0.0943 - learning_rate: 5.0000e-06

Fold 1 [resnet50] results: CNN=0.9826 (6.39 ms/img)  CNN+TTA=0.9875 (34.94 ms/img)  Ensemble=0.9840 (12.09 ms/img)  train_time=2050.9s (stage1=268.1s, stage2=1782.7s)

-- CNN+TTA classification report --
              precision    recall  f1-score   support

      glioma       1.00      0.98      0.99       360
  meningioma       0.98      0.98      0.98       360
     notumor       0.98      0.99      0.99       360
   pituitary       0.98      0.99      0.99       360

    accuracy                           0.99      1440
   macro avg       0.99      0.99      0.99      1440
weighted avg       0.99      0.99      0.99      1440

[[353   4   3   0]
 [  0 353   3   4]
 [  0   0 358   2]
 [  0   2   0 358]]

-- Embedding ensemble classification report --
              precision    recall  f1-score   support

      glioma       1.00      0.97      0.99       360
  meningioma       0.97      0.98      0.98       360
     notumor       0.99      0.99      0.99       360
   pituitary       0.98      0.99      0.99       360

    accuracy                           0.98      1440
   macro avg       0.98      0.98      0.98      1440
weighted avg       0.98      0.98      0.98      1440

[[351   7   2   0]
 [  1 353   2   4]
 [  0   1 356   3]
 [  0   3   0 357]]

======================================================================
resnet50 -- FOLD 2/5
======================================================================
Train: 4896  Val: 864  Test: 1440
Epoch 1/8
306/306 - 52s - 169ms/step - accuracy: 0.7788 - loss: 0.6419 - val_accuracy: 0.8634 - val_loss: 0.3575
Epoch 2/8
306/306 - 34s - 112ms/step - accuracy: 0.8382 - loss: 0.4385 - val_accuracy: 0.8738 - val_loss: 0.3220
Epoch 3/8
306/306 - 33s - 109ms/step - accuracy: 0.8574 - loss: 0.3723 - val_accuracy: 0.8843 - val_loss: 0.3026
Epoch 4/8
306/306 - 33s - 106ms/step - accuracy: 0.8636 - loss: 0.3576 - val_accuracy: 0.8762 - val_loss: 0.3019
Epoch 5/8
306/306 - 32s - 105ms/step - accuracy: 0.8728 - loss: 0.3347 - val_accuracy: 0.8843 - val_loss: 0.2861
Epoch 6/8
306/306 - 32s - 106ms/step - accuracy: 0.8781 - loss: 0.3284 - val_accuracy: 0.8981 - val_loss: 0.2825
Epoch 7/8
306/306 - 40s - 132ms/step - accuracy: 0.8842 - loss: 0.3113 - val_accuracy: 0.8924 - val_loss: 0.2669
Epoch 8/8
306/306 - 32s - 105ms/step - accuracy: 0.8977 - loss: 0.2787 - val_accuracy: 0.8935 - val_loss: 0.2808
Epoch 1/35
306/306 - 101s - 330ms/step - accuracy: 0.8605 - loss: 0.3951 - val_accuracy: 0.8252 - val_loss: 0.5356 - learning_rate: 1.0000e-05
Epoch 2/35
306/306 - 49s - 161ms/step - accuracy: 0.8983 - loss: 0.2822 - val_accuracy: 0.8831 - val_loss: 0.3532 - learning_rate: 1.0000e-05
Epoch 3/35
306/306 - 50s - 162ms/step - accuracy: 0.9154 - loss: 0.2307 - val_accuracy: 0.8819 - val_loss: 0.3314 - learning_rate: 1.0000e-05
Epoch 4/35
306/306 - 50s - 163ms/step - accuracy: 0.9304 - loss: 0.1905 - val_accuracy: 0.9005 - val_loss: 0.2639 - learning_rate: 1.0000e-05
Epoch 5/35
306/306 - 49s - 161ms/step - accuracy: 0.9412 - loss: 0.1611 - val_accuracy: 0.8981 - val_loss: 0.2936 - learning_rate: 1.0000e-05
Epoch 6/35
306/306 - 50s - 162ms/step - accuracy: 0.9483 - loss: 0.1484 - val_accuracy: 0.9144 - val_loss: 0.2344 - learning_rate: 1.0000e-05
Epoch 7/35
306/306 - 50s - 163ms/step - accuracy: 0.9571 - loss: 0.1196 - val_accuracy: 0.9178 - val_loss: 0.2336 - learning_rate: 1.0000e-05
Epoch 8/35
306/306 - 50s - 163ms/step - accuracy: 0.9632 - loss: 0.1137 - val_accuracy: 0.9178 - val_loss: 0.2624 - learning_rate: 1.0000e-05
Epoch 9/35
306/306 - 50s - 163ms/step - accuracy: 0.9706 - loss: 0.0920 - val_accuracy: 0.9190 - val_loss: 0.2436 - learning_rate: 1.0000e-05
Epoch 10/35
306/306 - 50s - 164ms/step - accuracy: 0.9716 - loss: 0.0813 - val_accuracy: 0.9294 - val_loss: 0.2038 - learning_rate: 1.0000e-05
Epoch 11/35
306/306 - 50s - 164ms/step - accuracy: 0.9726 - loss: 0.0812 - val_accuracy: 0.9352 - val_loss: 0.1903 - learning_rate: 1.0000e-05
Epoch 12/35
306/306 - 50s - 163ms/step - accuracy: 0.9775 - loss: 0.0708 - val_accuracy: 0.9398 - val_loss: 0.1904 - learning_rate: 1.0000e-05
Epoch 13/35
306/306 - 50s - 163ms/step - accuracy: 0.9824 - loss: 0.0574 - val_accuracy: 0.9421 - val_loss: 0.1988 - learning_rate: 1.0000e-05
Epoch 14/35
306/306 - 50s - 164ms/step - accuracy: 0.9841 - loss: 0.0531 - val_accuracy: 0.9491 - val_loss: 0.1713 - learning_rate: 1.0000e-05
Epoch 15/35
306/306 - 50s - 163ms/step - accuracy: 0.9812 - loss: 0.0555 - val_accuracy: 0.9433 - val_loss: 0.1667 - learning_rate: 1.0000e-05
Epoch 16/35
306/306 - 50s - 163ms/step - accuracy: 0.9839 - loss: 0.0474 - val_accuracy: 0.9502 - val_loss: 0.1635 - learning_rate: 1.0000e-05
Epoch 17/35
306/306 - 50s - 162ms/step - accuracy: 0.9884 - loss: 0.0404 - val_accuracy: 0.9491 - val_loss: 0.1893 - learning_rate: 1.0000e-05
Epoch 18/35
306/306 - 50s - 162ms/step - accuracy: 0.9863 - loss: 0.0447 - val_accuracy: 0.9421 - val_loss: 0.1704 - learning_rate: 1.0000e-05
Epoch 19/35
306/306 - 50s - 163ms/step - accuracy: 0.9857 - loss: 0.0444 - val_accuracy: 0.9468 - val_loss: 0.1806 - learning_rate: 1.0000e-05
Epoch 20/35
306/306 - 49s - 162ms/step - accuracy: 0.9873 - loss: 0.0380 - val_accuracy: 0.9479 - val_loss: 0.1717 - learning_rate: 1.0000e-05
Epoch 21/35
306/306 - 50s - 163ms/step - accuracy: 0.9877 - loss: 0.0384 - val_accuracy: 0.9537 - val_loss: 0.1455 - learning_rate: 5.0000e-06
Epoch 22/35
306/306 - 49s - 162ms/step - accuracy: 0.9935 - loss: 0.0298 - val_accuracy: 0.9560 - val_loss: 0.1362 - learning_rate: 5.0000e-06
Epoch 23/35
306/306 - 50s - 162ms/step - accuracy: 0.9896 - loss: 0.0362 - val_accuracy: 0.9537 - val_loss: 0.1435 - learning_rate: 5.0000e-06
Epoch 24/35
306/306 - 50s - 162ms/step - accuracy: 0.9910 - loss: 0.0298 - val_accuracy: 0.9606 - val_loss: 0.1255 - learning_rate: 5.0000e-06
Epoch 25/35
306/306 - 50s - 162ms/step - accuracy: 0.9931 - loss: 0.0250 - val_accuracy: 0.9630 - val_loss: 0.1182 - learning_rate: 5.0000e-06
Epoch 26/35
306/306 - 50s - 162ms/step - accuracy: 0.9939 - loss: 0.0215 - val_accuracy: 0.9595 - val_loss: 0.1268 - learning_rate: 5.0000e-06
Epoch 27/35
306/306 - 49s - 162ms/step - accuracy: 0.9945 - loss: 0.0230 - val_accuracy: 0.9630 - val_loss: 0.1288 - learning_rate: 5.0000e-06
Epoch 28/35
306/306 - 49s - 161ms/step - accuracy: 0.9937 - loss: 0.0227 - val_accuracy: 0.9653 - val_loss: 0.1240 - learning_rate: 5.0000e-06
Epoch 29/35
306/306 - 50s - 162ms/step - accuracy: 0.9937 - loss: 0.0213 - val_accuracy: 0.9664 - val_loss: 0.1093 - learning_rate: 5.0000e-06
Epoch 30/35
306/306 - 83s - 271ms/step - accuracy: 0.9941 - loss: 0.0224 - val_accuracy: 0.9722 - val_loss: 0.1041 - learning_rate: 5.0000e-06
Epoch 31/35
306/306 - 49s - 161ms/step - accuracy: 0.9943 - loss: 0.0235 - val_accuracy: 0.9722 - val_loss: 0.0951 - learning_rate: 5.0000e-06
Epoch 32/35
306/306 - 50s - 163ms/step - accuracy: 0.9961 - loss: 0.0190 - val_accuracy: 0.9676 - val_loss: 0.1168 - learning_rate: 5.0000e-06
Epoch 33/35
306/306 - 50s - 162ms/step - accuracy: 0.9937 - loss: 0.0229 - val_accuracy: 0.9606 - val_loss: 0.1234 - learning_rate: 5.0000e-06
Epoch 34/35
306/306 - 50s - 163ms/step - accuracy: 0.9947 - loss: 0.0182 - val_accuracy: 0.9711 - val_loss: 0.1105 - learning_rate: 5.0000e-06
Epoch 35/35
306/306 - 50s - 163ms/step - accuracy: 0.9937 - loss: 0.0237 - val_accuracy: 0.9676 - val_loss: 0.1144 - learning_rate: 5.0000e-06

Fold 2 [resnet50] results: CNN=0.9667 (6.05 ms/img)  CNN+TTA=0.9812 (34.81 ms/img)  Ensemble=0.9764 (13.18 ms/img)  train_time=2113.1s (stage1=288.9s, stage2=1824.2s)

-- CNN+TTA classification report --
              precision    recall  f1-score   support

      glioma       0.98      0.97      0.98       360
  meningioma       0.97      0.97      0.97       360
     notumor       0.99      0.99      0.99       360
   pituitary       0.98      1.00      0.99       360

    accuracy                           0.98      1440
   macro avg       0.98      0.98      0.98      1440
weighted avg       0.98      0.98      0.98      1440

[[351   7   2   0]
 [  6 348   1   5]
 [  2   1 355   2]
 [  0   1   0 359]]

-- Embedding ensemble classification report --
              precision    recall  f1-score   support

      glioma       0.98      0.96      0.97       360
  meningioma       0.96      0.97      0.96       360
     notumor       0.99      0.99      0.99       360
   pituitary       0.98      0.99      0.99       360

    accuracy                           0.98      1440
   macro avg       0.98      0.98      0.98      1440
weighted avg       0.98      0.98      0.98      1440

[[344  13   3   0]
 [  6 348   0   6]
 [  2   1 356   1]
 [  0   2   0 358]]

======================================================================
resnet50 -- FOLD 3/5
======================================================================
Train: 4896  Val: 864  Test: 1440
Epoch 1/8
306/306 - 51s - 168ms/step - accuracy: 0.7874 - loss: 0.6349 - val_accuracy: 0.8553 - val_loss: 0.4097
Epoch 2/8
306/306 - 33s - 109ms/step - accuracy: 0.8433 - loss: 0.4263 - val_accuracy: 0.8877 - val_loss: 0.3461
Epoch 3/8
306/306 - 33s - 109ms/step - accuracy: 0.8501 - loss: 0.3943 - val_accuracy: 0.8924 - val_loss: 0.3093
Epoch 4/8
306/306 - 33s - 108ms/step - accuracy: 0.8699 - loss: 0.3462 - val_accuracy: 0.8889 - val_loss: 0.3032
Epoch 5/8
306/306 - 33s - 107ms/step - accuracy: 0.8826 - loss: 0.3274 - val_accuracy: 0.9062 - val_loss: 0.2636
Epoch 6/8
306/306 - 33s - 108ms/step - accuracy: 0.8889 - loss: 0.3030 - val_accuracy: 0.8993 - val_loss: 0.2846
Epoch 7/8
306/306 - 34s - 110ms/step - accuracy: 0.8868 - loss: 0.2938 - val_accuracy: 0.9097 - val_loss: 0.2763
Epoch 8/8
306/306 - 34s - 112ms/step - accuracy: 0.8922 - loss: 0.2801 - val_accuracy: 0.9005 - val_loss: 0.2757
Epoch 1/35
306/306 - 105s - 343ms/step - accuracy: 0.8601 - loss: 0.3925 - val_accuracy: 0.8229 - val_loss: 0.5421 - learning_rate: 1.0000e-05
Epoch 2/35
306/306 - 50s - 163ms/step - accuracy: 0.8960 - loss: 0.2937 - val_accuracy: 0.8750 - val_loss: 0.3956 - learning_rate: 1.0000e-05
Epoch 3/35
306/306 - 50s - 164ms/step - accuracy: 0.9195 - loss: 0.2323 - val_accuracy: 0.8681 - val_loss: 0.4194 - learning_rate: 1.0000e-05
Epoch 4/35
306/306 - 50s - 165ms/step - accuracy: 0.9344 - loss: 0.1778 - val_accuracy: 0.9132 - val_loss: 0.3112 - learning_rate: 1.0000e-05
Epoch 5/35
306/306 - 50s - 164ms/step - accuracy: 0.9379 - loss: 0.1673 - val_accuracy: 0.9178 - val_loss: 0.2673 - learning_rate: 1.0000e-05
Epoch 6/35
306/306 - 50s - 164ms/step - accuracy: 0.9453 - loss: 0.1573 - val_accuracy: 0.9259 - val_loss: 0.2784 - learning_rate: 1.0000e-05
Epoch 7/35
306/306 - 50s - 163ms/step - accuracy: 0.9583 - loss: 0.1246 - val_accuracy: 0.9317 - val_loss: 0.2435 - learning_rate: 1.0000e-05
Epoch 8/35
306/306 - 50s - 164ms/step - accuracy: 0.9583 - loss: 0.1209 - val_accuracy: 0.9363 - val_loss: 0.2353 - learning_rate: 1.0000e-05
Epoch 9/35
306/306 - 50s - 164ms/step - accuracy: 0.9696 - loss: 0.0898 - val_accuracy: 0.9398 - val_loss: 0.2194 - learning_rate: 1.0000e-05
Epoch 10/35
306/306 - 50s - 164ms/step - accuracy: 0.9698 - loss: 0.0903 - val_accuracy: 0.9456 - val_loss: 0.1899 - learning_rate: 1.0000e-05
Epoch 11/35
306/306 - 50s - 164ms/step - accuracy: 0.9759 - loss: 0.0814 - val_accuracy: 0.9572 - val_loss: 0.1809 - learning_rate: 1.0000e-05
Epoch 12/35
306/306 - 50s - 164ms/step - accuracy: 0.9734 - loss: 0.0797 - val_accuracy: 0.9537 - val_loss: 0.1591 - learning_rate: 1.0000e-05
Epoch 13/35
306/306 - 50s - 164ms/step - accuracy: 0.9818 - loss: 0.0624 - val_accuracy: 0.9606 - val_loss: 0.1544 - learning_rate: 1.0000e-05
Epoch 14/35
306/306 - 50s - 164ms/step - accuracy: 0.9822 - loss: 0.0576 - val_accuracy: 0.9514 - val_loss: 0.1556 - learning_rate: 1.0000e-05
Epoch 15/35
306/306 - 50s - 164ms/step - accuracy: 0.9812 - loss: 0.0607 - val_accuracy: 0.9572 - val_loss: 0.1391 - learning_rate: 1.0000e-05
Epoch 16/35
306/306 - 50s - 164ms/step - accuracy: 0.9837 - loss: 0.0528 - val_accuracy: 0.9537 - val_loss: 0.1768 - learning_rate: 1.0000e-05
Epoch 17/35
306/306 - 50s - 163ms/step - accuracy: 0.9841 - loss: 0.0506 - val_accuracy: 0.9583 - val_loss: 0.1443 - learning_rate: 1.0000e-05
Epoch 18/35
306/306 - 50s - 164ms/step - accuracy: 0.9841 - loss: 0.0470 - val_accuracy: 0.9641 - val_loss: 0.1322 - learning_rate: 1.0000e-05
Epoch 19/35
306/306 - 50s - 164ms/step - accuracy: 0.9853 - loss: 0.0475 - val_accuracy: 0.9618 - val_loss: 0.1526 - learning_rate: 1.0000e-05
Epoch 20/35
306/306 - 50s - 164ms/step - accuracy: 0.9890 - loss: 0.0366 - val_accuracy: 0.9583 - val_loss: 0.1445 - learning_rate: 1.0000e-05
Epoch 21/35
306/306 - 50s - 163ms/step - accuracy: 0.9910 - loss: 0.0359 - val_accuracy: 0.9676 - val_loss: 0.1344 - learning_rate: 1.0000e-05
Epoch 22/35
306/306 - 50s - 164ms/step - accuracy: 0.9896 - loss: 0.0360 - val_accuracy: 0.9595 - val_loss: 0.1428 - learning_rate: 1.0000e-05
Epoch 23/35
306/306 - 50s - 163ms/step - accuracy: 0.9890 - loss: 0.0387 - val_accuracy: 0.9653 - val_loss: 0.1339 - learning_rate: 5.0000e-06
Epoch 24/35
306/306 - 50s - 164ms/step - accuracy: 0.9918 - loss: 0.0277 - val_accuracy: 0.9641 - val_loss: 0.1448 - learning_rate: 5.0000e-06
Epoch 25/35
306/306 - 50s - 164ms/step - accuracy: 0.9922 - loss: 0.0269 - val_accuracy: 0.9688 - val_loss: 0.1271 - learning_rate: 5.0000e-06
Epoch 26/35
306/306 - 50s - 163ms/step - accuracy: 0.9945 - loss: 0.0228 - val_accuracy: 0.9618 - val_loss: 0.1551 - learning_rate: 5.0000e-06
Epoch 27/35
306/306 - 50s - 165ms/step - accuracy: 0.9910 - loss: 0.0295 - val_accuracy: 0.9722 - val_loss: 0.1116 - learning_rate: 5.0000e-06
Epoch 28/35
306/306 - 50s - 164ms/step - accuracy: 0.9920 - loss: 0.0255 - val_accuracy: 0.9699 - val_loss: 0.1143 - learning_rate: 5.0000e-06
Epoch 29/35
306/306 - 50s - 165ms/step - accuracy: 0.9939 - loss: 0.0216 - val_accuracy: 0.9711 - val_loss: 0.1253 - learning_rate: 5.0000e-06
Epoch 30/35
306/306 - 50s - 165ms/step - accuracy: 0.9959 - loss: 0.0211 - val_accuracy: 0.9711 - val_loss: 0.1172 - learning_rate: 5.0000e-06
Epoch 31/35
306/306 - 50s - 165ms/step - accuracy: 0.9926 - loss: 0.0234 - val_accuracy: 0.9711 - val_loss: 0.1099 - learning_rate: 5.0000e-06
Epoch 32/35
306/306 - 50s - 165ms/step - accuracy: 0.9931 - loss: 0.0250 - val_accuracy: 0.9745 - val_loss: 0.0984 - learning_rate: 5.0000e-06
Epoch 33/35
306/306 - 50s - 164ms/step - accuracy: 0.9931 - loss: 0.0249 - val_accuracy: 0.9745 - val_loss: 0.1061 - learning_rate: 5.0000e-06
Epoch 34/35
306/306 - 50s - 165ms/step - accuracy: 0.9935 - loss: 0.0242 - val_accuracy: 0.9664 - val_loss: 0.1284 - learning_rate: 5.0000e-06
Epoch 35/35
306/306 - 50s - 164ms/step - accuracy: 0.9933 - loss: 0.0249 - val_accuracy: 0.9699 - val_loss: 0.1114 - learning_rate: 5.0000e-06

Fold 3 [resnet50] results: CNN=0.9694 (6.92 ms/img)  CNN+TTA=0.9854 (35.84 ms/img)  Ensemble=0.9729 (13.98 ms/img)  train_time=2096.4s (stage1=285.2s, stage2=1811.2s)

-- CNN+TTA classification report --
              precision    recall  f1-score   support

      glioma       0.99      0.97      0.98       360
  meningioma       0.96      0.99      0.98       360
     notumor       1.00      0.99      0.99       360
   pituitary       0.99      1.00      0.99       360

    accuracy                           0.99      1440
   macro avg       0.99      0.99      0.99      1440
weighted avg       0.99      0.99      0.99      1440

[[349  11   0   0]
 [  2 355   0   3]
 [  1   2 355   2]
 [  0   0   0 360]]

-- Embedding ensemble classification report --
              precision    recall  f1-score   support

      glioma       0.97      0.96      0.97       360
  meningioma       0.97      0.97      0.97       360
     notumor       0.99      0.97      0.98       360
   pituitary       0.97      0.99      0.98       360

    accuracy                           0.97      1440
   macro avg       0.97      0.97      0.97      1440
weighted avg       0.97      0.97      0.97      1440

[[347  10   3   0]
 [  7 348   0   5]
 [  3   2 348   7]
 [  2   0   0 358]]

======================================================================
resnet50 -- FOLD 4/5
======================================================================
Train: 4896  Val: 864  Test: 1440
Epoch 1/8
306/306 - 55s - 181ms/step - accuracy: 0.7788 - loss: 0.6630 - val_accuracy: 0.8623 - val_loss: 0.3376
Epoch 2/8
306/306 - 36s - 119ms/step - accuracy: 0.8417 - loss: 0.4220 - val_accuracy: 0.8762 - val_loss: 0.2973
Epoch 3/8
306/306 - 36s - 117ms/step - accuracy: 0.8593 - loss: 0.3764 - val_accuracy: 0.8958 - val_loss: 0.2793
Epoch 4/8
306/306 - 35s - 115ms/step - accuracy: 0.8648 - loss: 0.3597 - val_accuracy: 0.8889 - val_loss: 0.2874
Epoch 5/8
306/306 - 35s - 115ms/step - accuracy: 0.8840 - loss: 0.3217 - val_accuracy: 0.8889 - val_loss: 0.2871
Epoch 6/8
306/306 - 35s - 114ms/step - accuracy: 0.8836 - loss: 0.3102 - val_accuracy: 0.8993 - val_loss: 0.2553
Epoch 7/8
306/306 - 34s - 111ms/step - accuracy: 0.8838 - loss: 0.3036 - val_accuracy: 0.9097 - val_loss: 0.2377
Epoch 8/8
306/306 - 34s - 112ms/step - accuracy: 0.8850 - loss: 0.3024 - val_accuracy: 0.9155 - val_loss: 0.2248
Epoch 1/35
306/306 - 111s - 363ms/step - accuracy: 0.8564 - loss: 0.3903 - val_accuracy: 0.8113 - val_loss: 0.5993 - learning_rate: 1.0000e-05
Epoch 2/35
306/306 - 50s - 165ms/step - accuracy: 0.8960 - loss: 0.2787 - val_accuracy: 0.8449 - val_loss: 0.4366 - learning_rate: 1.0000e-05
Epoch 3/35
306/306 - 50s - 164ms/step - accuracy: 0.9175 - loss: 0.2262 - val_accuracy: 0.8704 - val_loss: 0.3498 - learning_rate: 1.0000e-05
Epoch 4/35
306/306 - 51s - 166ms/step - accuracy: 0.9350 - loss: 0.1862 - val_accuracy: 0.8900 - val_loss: 0.2814 - learning_rate: 1.0000e-05
Epoch 5/35
306/306 - 50s - 164ms/step - accuracy: 0.9406 - loss: 0.1655 - val_accuracy: 0.8947 - val_loss: 0.2649 - learning_rate: 1.0000e-05
Epoch 6/35
306/306 - 51s - 166ms/step - accuracy: 0.9449 - loss: 0.1587 - val_accuracy: 0.9248 - val_loss: 0.1795 - learning_rate: 1.0000e-05
Epoch 7/35
306/306 - 50s - 164ms/step - accuracy: 0.9575 - loss: 0.1251 - val_accuracy: 0.9213 - val_loss: 0.1885 - learning_rate: 1.0000e-05
Epoch 8/35
306/306 - 51s - 166ms/step - accuracy: 0.9608 - loss: 0.1097 - val_accuracy: 0.9433 - val_loss: 0.1577 - learning_rate: 1.0000e-05
Epoch 9/35
306/306 - 50s - 165ms/step - accuracy: 0.9647 - loss: 0.0984 - val_accuracy: 0.9583 - val_loss: 0.1429 - learning_rate: 1.0000e-05
Epoch 10/35
306/306 - 50s - 165ms/step - accuracy: 0.9643 - loss: 0.0988 - val_accuracy: 0.9444 - val_loss: 0.1663 - learning_rate: 1.0000e-05
Epoch 11/35
306/306 - 50s - 165ms/step - accuracy: 0.9698 - loss: 0.0851 - val_accuracy: 0.9444 - val_loss: 0.1622 - learning_rate: 1.0000e-05
Epoch 12/35
306/306 - 51s - 165ms/step - accuracy: 0.9806 - loss: 0.0654 - val_accuracy: 0.9583 - val_loss: 0.1374 - learning_rate: 1.0000e-05
Epoch 13/35
306/306 - 50s - 165ms/step - accuracy: 0.9812 - loss: 0.0636 - val_accuracy: 0.9514 - val_loss: 0.1469 - learning_rate: 1.0000e-05
Epoch 14/35
306/306 - 51s - 165ms/step - accuracy: 0.9824 - loss: 0.0568 - val_accuracy: 0.9583 - val_loss: 0.1205 - learning_rate: 1.0000e-05
Epoch 15/35
306/306 - 51s - 165ms/step - accuracy: 0.9830 - loss: 0.0562 - val_accuracy: 0.9549 - val_loss: 0.1304 - learning_rate: 1.0000e-05
Epoch 16/35
306/306 - 51s - 165ms/step - accuracy: 0.9859 - loss: 0.0502 - val_accuracy: 0.9583 - val_loss: 0.1214 - learning_rate: 1.0000e-05
Epoch 17/35
306/306 - 51s - 165ms/step - accuracy: 0.9847 - loss: 0.0479 - val_accuracy: 0.9664 - val_loss: 0.1010 - learning_rate: 1.0000e-05
Epoch 18/35
306/306 - 50s - 164ms/step - accuracy: 0.9863 - loss: 0.0446 - val_accuracy: 0.9630 - val_loss: 0.1149 - learning_rate: 1.0000e-05
Epoch 19/35
306/306 - 50s - 165ms/step - accuracy: 0.9869 - loss: 0.0469 - val_accuracy: 0.9664 - val_loss: 0.1121 - learning_rate: 1.0000e-05
Epoch 20/35
306/306 - 50s - 164ms/step - accuracy: 0.9886 - loss: 0.0380 - val_accuracy: 0.9676 - val_loss: 0.1126 - learning_rate: 1.0000e-05
Epoch 21/35
306/306 - 51s - 166ms/step - accuracy: 0.9877 - loss: 0.0385 - val_accuracy: 0.9769 - val_loss: 0.0910 - learning_rate: 1.0000e-05
Epoch 22/35
306/306 - 50s - 165ms/step - accuracy: 0.9873 - loss: 0.0390 - val_accuracy: 0.9722 - val_loss: 0.0951 - learning_rate: 1.0000e-05
Epoch 23/35
306/306 - 50s - 164ms/step - accuracy: 0.9896 - loss: 0.0358 - val_accuracy: 0.9722 - val_loss: 0.0925 - learning_rate: 1.0000e-05
Epoch 24/35
306/306 - 50s - 164ms/step - accuracy: 0.9918 - loss: 0.0292 - val_accuracy: 0.9711 - val_loss: 0.1074 - learning_rate: 1.0000e-05
Epoch 25/35
306/306 - 50s - 164ms/step - accuracy: 0.9898 - loss: 0.0335 - val_accuracy: 0.9722 - val_loss: 0.1071 - learning_rate: 1.0000e-05
Epoch 26/35
306/306 - 50s - 164ms/step - accuracy: 0.9922 - loss: 0.0270 - val_accuracy: 0.9734 - val_loss: 0.1004 - learning_rate: 5.0000e-06
Epoch 27/35
306/306 - 50s - 164ms/step - accuracy: 0.9943 - loss: 0.0228 - val_accuracy: 0.9792 - val_loss: 0.0945 - learning_rate: 5.0000e-06
Epoch 28/35
306/306 - 50s - 164ms/step - accuracy: 0.9910 - loss: 0.0271 - val_accuracy: 0.9780 - val_loss: 0.0945 - learning_rate: 5.0000e-06
Epoch 29/35
306/306 - 50s - 164ms/step - accuracy: 0.9939 - loss: 0.0237 - val_accuracy: 0.9792 - val_loss: 0.0906 - learning_rate: 5.0000e-06
Epoch 30/35
306/306 - 50s - 164ms/step - accuracy: 0.9947 - loss: 0.0202 - val_accuracy: 0.9803 - val_loss: 0.0862 - learning_rate: 5.0000e-06
Epoch 31/35
306/306 - 51s - 165ms/step - accuracy: 0.9947 - loss: 0.0230 - val_accuracy: 0.9780 - val_loss: 0.0866 - learning_rate: 5.0000e-06
Epoch 32/35
306/306 - 51s - 165ms/step - accuracy: 0.9951 - loss: 0.0200 - val_accuracy: 0.9757 - val_loss: 0.0924 - learning_rate: 5.0000e-06
Epoch 33/35
306/306 - 50s - 165ms/step - accuracy: 0.9937 - loss: 0.0218 - val_accuracy: 0.9826 - val_loss: 0.0778 - learning_rate: 5.0000e-06
Epoch 34/35
306/306 - 50s - 164ms/step - accuracy: 0.9949 - loss: 0.0188 - val_accuracy: 0.9815 - val_loss: 0.0890 - learning_rate: 5.0000e-06
Epoch 35/35
306/306 - 50s - 165ms/step - accuracy: 0.9929 - loss: 0.0257 - val_accuracy: 0.9815 - val_loss: 0.0788 - learning_rate: 5.0000e-06

Fold 4 [resnet50] results: CNN=0.9688 (6.57 ms/img)  CNN+TTA=0.9826 (35.66 ms/img)  Ensemble=0.9757 (12.95 ms/img)  train_time=2126.4s (stage1=301.1s, stage2=1825.3s)

-- CNN+TTA classification report --
              precision    recall  f1-score   support

      glioma       0.97      0.97      0.97       360
  meningioma       0.98      0.99      0.98       360
     notumor       0.99      0.99      0.99       360
   pituitary       0.99      0.98      0.99       360

    accuracy                           0.98      1440
   macro avg       0.98      0.98      0.98      1440
weighted avg       0.98      0.98      0.98      1440

[[351   3   4   2]
 [  3 357   0   0]
 [  4   1 355   0]
 [  2   5   1 352]]

-- Embedding ensemble classification report --
              precision    recall  f1-score   support

      glioma       0.97      0.96      0.97       360
  meningioma       0.96      0.98      0.97       360
     notumor       0.99      0.98      0.98       360
   pituitary       0.98      0.98      0.98       360

    accuracy                           0.98      1440
   macro avg       0.98      0.98      0.98      1440
weighted avg       0.98      0.98      0.98      1440

[[347   5   4   4]
 [  5 354   0   1]
 [  4   3 352   1]
 [  2   5   1 352]]

======================================================================
resnet50 -- FOLD 5/5
======================================================================
Train: 4896  Val: 864  Test: 1440
Epoch 1/8
306/306 - 53s - 174ms/step - accuracy: 0.7849 - loss: 0.6312 - val_accuracy: 0.8600 - val_loss: 0.4158
Epoch 2/8
306/306 - 35s - 116ms/step - accuracy: 0.8444 - loss: 0.4062 - val_accuracy: 0.8866 - val_loss: 0.3753
Epoch 3/8
306/306 - 35s - 115ms/step - accuracy: 0.8623 - loss: 0.3592 - val_accuracy: 0.8819 - val_loss: 0.3513
Epoch 4/8
306/306 - 36s - 118ms/step - accuracy: 0.8670 - loss: 0.3509 - val_accuracy: 0.8854 - val_loss: 0.3589
Epoch 5/8
306/306 - 36s - 119ms/step - accuracy: 0.8748 - loss: 0.3275 - val_accuracy: 0.8866 - val_loss: 0.3653
Epoch 6/8
306/306 - 36s - 116ms/step - accuracy: 0.8789 - loss: 0.3164 - val_accuracy: 0.9005 - val_loss: 0.3192
Epoch 7/8
306/306 - 36s - 117ms/step - accuracy: 0.8838 - loss: 0.2992 - val_accuracy: 0.8912 - val_loss: 0.3322
Epoch 8/8
306/306 - 35s - 114ms/step - accuracy: 0.8932 - loss: 0.2777 - val_accuracy: 0.8947 - val_loss: 0.3187
Epoch 1/35
306/306 - 108s - 353ms/step - accuracy: 0.8509 - loss: 0.4052 - val_accuracy: 0.8461 - val_loss: 0.6634 - learning_rate: 1.0000e-05
Epoch 2/35
306/306 - 51s - 166ms/step - accuracy: 0.9001 - loss: 0.2742 - val_accuracy: 0.8715 - val_loss: 0.5054 - learning_rate: 1.0000e-05
Epoch 3/35
306/306 - 50s - 164ms/step - accuracy: 0.9120 - loss: 0.2318 - val_accuracy: 0.9039 - val_loss: 0.3921 - learning_rate: 1.0000e-05
Epoch 4/35
306/306 - 51s - 166ms/step - accuracy: 0.9371 - loss: 0.1803 - val_accuracy: 0.9132 - val_loss: 0.3654 - learning_rate: 1.0000e-05
Epoch 5/35
306/306 - 50s - 164ms/step - accuracy: 0.9451 - loss: 0.1645 - val_accuracy: 0.9109 - val_loss: 0.3252 - learning_rate: 1.0000e-05
Epoch 6/35
306/306 - 50s - 165ms/step - accuracy: 0.9504 - loss: 0.1472 - val_accuracy: 0.9155 - val_loss: 0.2923 - learning_rate: 1.0000e-05
Epoch 7/35
306/306 - 51s - 165ms/step - accuracy: 0.9547 - loss: 0.1365 - val_accuracy: 0.9155 - val_loss: 0.2778 - learning_rate: 1.0000e-05
Epoch 8/35
306/306 - 50s - 165ms/step - accuracy: 0.9655 - loss: 0.1024 - val_accuracy: 0.9213 - val_loss: 0.2526 - learning_rate: 1.0000e-05
Epoch 9/35
306/306 - 50s - 164ms/step - accuracy: 0.9708 - loss: 0.0831 - val_accuracy: 0.9074 - val_loss: 0.3213 - learning_rate: 1.0000e-05
Epoch 10/35
306/306 - 50s - 164ms/step - accuracy: 0.9690 - loss: 0.0906 - val_accuracy: 0.9352 - val_loss: 0.2223 - learning_rate: 1.0000e-05
Epoch 11/35
306/306 - 50s - 165ms/step - accuracy: 0.9771 - loss: 0.0736 - val_accuracy: 0.9248 - val_loss: 0.2587 - learning_rate: 1.0000e-05
Epoch 12/35
306/306 - 50s - 165ms/step - accuracy: 0.9743 - loss: 0.0772 - val_accuracy: 0.9363 - val_loss: 0.1817 - learning_rate: 1.0000e-05
Epoch 13/35
306/306 - 50s - 164ms/step - accuracy: 0.9759 - loss: 0.0723 - val_accuracy: 0.9410 - val_loss: 0.1883 - learning_rate: 1.0000e-05
Epoch 14/35
306/306 - 50s - 164ms/step - accuracy: 0.9824 - loss: 0.0560 - val_accuracy: 0.9410 - val_loss: 0.1977 - learning_rate: 1.0000e-05
Epoch 15/35
306/306 - 51s - 165ms/step - accuracy: 0.9828 - loss: 0.0573 - val_accuracy: 0.9514 - val_loss: 0.1456 - learning_rate: 1.0000e-05
Epoch 16/35
306/306 - 50s - 164ms/step - accuracy: 0.9859 - loss: 0.0491 - val_accuracy: 0.9502 - val_loss: 0.1512 - learning_rate: 1.0000e-05
Epoch 17/35
306/306 - 50s - 164ms/step - accuracy: 0.9855 - loss: 0.0456 - val_accuracy: 0.9572 - val_loss: 0.1241 - learning_rate: 1.0000e-05
Epoch 18/35
306/306 - 51s - 165ms/step - accuracy: 0.9857 - loss: 0.0477 - val_accuracy: 0.9468 - val_loss: 0.1751 - learning_rate: 1.0000e-05
Epoch 19/35
306/306 - 50s - 163ms/step - accuracy: 0.9869 - loss: 0.0416 - val_accuracy: 0.9595 - val_loss: 0.1381 - learning_rate: 1.0000e-05
Epoch 20/35
306/306 - 50s - 164ms/step - accuracy: 0.9865 - loss: 0.0430 - val_accuracy: 0.9572 - val_loss: 0.1391 - learning_rate: 1.0000e-05
Epoch 21/35
306/306 - 50s - 163ms/step - accuracy: 0.9886 - loss: 0.0402 - val_accuracy: 0.9595 - val_loss: 0.1405 - learning_rate: 1.0000e-05
Epoch 22/35
306/306 - 50s - 164ms/step - accuracy: 0.9890 - loss: 0.0381 - val_accuracy: 0.9630 - val_loss: 0.1382 - learning_rate: 5.0000e-06
Epoch 23/35
306/306 - 50s - 164ms/step - accuracy: 0.9886 - loss: 0.0374 - val_accuracy: 0.9653 - val_loss: 0.1340 - learning_rate: 5.0000e-06
Epoch 24/35
306/306 - 50s - 164ms/step - accuracy: 0.9918 - loss: 0.0293 - val_accuracy: 0.9641 - val_loss: 0.1352 - learning_rate: 5.0000e-06
Epoch 25/35
306/306 - 50s - 163ms/step - accuracy: 0.9939 - loss: 0.0254 - val_accuracy: 0.9676 - val_loss: 0.1298 - learning_rate: 5.0000e-06
Epoch 26/35
306/306 - 50s - 163ms/step - accuracy: 0.9943 - loss: 0.0228 - val_accuracy: 0.9676 - val_loss: 0.1312 - learning_rate: 2.5000e-06
Epoch 27/35
306/306 - 50s - 163ms/step - accuracy: 0.9920 - loss: 0.0278 - val_accuracy: 0.9630 - val_loss: 0.1311 - learning_rate: 2.5000e-06

Fold 5 [resnet50] results: CNN=0.9715 (6.17 ms/img)  CNN+TTA=0.9819 (35.56 ms/img)  Ensemble=0.9729 (14.41 ms/img)  train_time=1718.6s (stage1=302.8s, stage2=1415.8s)

-- CNN+TTA classification report --
              precision    recall  f1-score   support

      glioma       0.98      0.96      0.97       360
  meningioma       0.96      0.98      0.97       360
     notumor       0.99      0.99      0.99       360
   pituitary       1.00      0.99      0.99       360

    accuracy                           0.98      1440
   macro avg       0.98      0.98      0.98      1440
weighted avg       0.98      0.98      0.98      1440

[[347  10   3   0]
 [  4 354   1   1]
 [  2   2 356   0]
 [  0   3   0 357]]

-- Embedding ensemble classification report --
              precision    recall  f1-score   support

      glioma       0.98      0.95      0.96       360
  meningioma       0.94      0.97      0.95       360
     notumor       0.99      0.99      0.99       360
   pituitary       0.98      0.99      0.99       360

    accuracy                           0.97      1440
   macro avg       0.97      0.97      0.97      1440
weighted avg       0.97      0.97      0.97      1440

[[341  16   3   0]
 [  6 348   1   5]
 [  2   2 355   1]
 [  0   3   0 357]]

======================================================================
FINAL 5-FOLD SUMMARY -- resnet50
======================================================================
CNN (softmax)                           : 97.18% +/- 0.56%   (folds: ['98.26', '96.67', '96.94', '96.88', '97.15'])
CNN + TTA                               : 98.38% +/- 0.23%   (folds: ['98.75', '98.12', '98.54', '98.26', '98.19'])
CNN-embedding ensemble (RF+XGB+SVM)     : 97.64% +/- 0.41%   (folds: ['98.40', '97.64', '97.29', '97.57', '97.29'])

Per-fold rows appended to /kaggle/working/backbone_sweep.jsonl -- download this file and paste/attach its contents for the paper write-up.




















Backbone: densenet121
Listing image paths...
Found 7200 images across 4 classes: ['glioma', 'meningioma', 'notumor', 'pituitary']

Loading + preprocessing images...
WARNING: All log messages before absl::InitializeLog() is called are written to STDERR
I0000 00:00:1790294505.348957      58 gpu_device.cc:2020] Created device /job:localhost/replica:0/task:0/device:GPU:0 with 13756 MB memory:  -> device: 0, name: Tesla T4, pci bus id: 0000:00:04.0, compute capability: 7.5
I0000 00:00:1790294505.352113      58 gpu_device.cc:2020] Created device /job:localhost/replica:0/task:0/device:GPU:1 with 13756 MB memory:  -> device: 1, name: Tesla T4, pci bus id: 0000:00:05.0, compute capability: 7.5
  processed 1000/7200
  processed 2000/7200
  processed 3000/7200
  processed 4000/7200
  processed 5000/7200
  processed 6000/7200
  processed 7000/7200
  processed 7200/7200

======================================================================
densenet121 -- FOLD 1/5
======================================================================
Train: 4896  Val: 864  Test: 1440
Downloading data from https://storage.googleapis.com/tensorflow/keras-applications/densenet/densenet121_weights_tf_dim_ordering_tf_kernels_notop.h5
29084464/29084464 ━━━━━━━━━━━━━━━━━━━━ 1s 0us/step
Epoch 1/8
I0000 00:00:1790294619.248798     130 device_compiler.h:196] Compiled cluster using XLA!  This line is logged at most once for the lifetime of the process.
306/306 - 74s - 240ms/step - accuracy: 0.7608 - loss: 0.6837 - val_accuracy: 0.8484 - val_loss: 0.4117
Epoch 2/8
306/306 - 32s - 105ms/step - accuracy: 0.8213 - loss: 0.4778 - val_accuracy: 0.8715 - val_loss: 0.3574
Epoch 3/8
306/306 - 33s - 108ms/step - accuracy: 0.8339 - loss: 0.4409 - val_accuracy: 0.8681 - val_loss: 0.3688
Epoch 4/8
306/306 - 32s - 106ms/step - accuracy: 0.8507 - loss: 0.4068 - val_accuracy: 0.8704 - val_loss: 0.3283
Epoch 5/8
306/306 - 33s - 107ms/step - accuracy: 0.8554 - loss: 0.3736 - val_accuracy: 0.8762 - val_loss: 0.3168
Epoch 6/8
306/306 - 33s - 109ms/step - accuracy: 0.8566 - loss: 0.3735 - val_accuracy: 0.8785 - val_loss: 0.3143
Epoch 7/8
306/306 - 33s - 107ms/step - accuracy: 0.8681 - loss: 0.3523 - val_accuracy: 0.8762 - val_loss: 0.3054
Epoch 8/8
306/306 - 32s - 106ms/step - accuracy: 0.8672 - loss: 0.3500 - val_accuracy: 0.8958 - val_loss: 0.2806
Epoch 1/35
306/306 - 195s - 637ms/step - accuracy: 0.8331 - loss: 0.4531 - val_accuracy: 0.8785 - val_loss: 0.3364 - learning_rate: 1.0000e-05
Epoch 2/35
306/306 - 39s - 126ms/step - accuracy: 0.8715 - loss: 0.3583 - val_accuracy: 0.9005 - val_loss: 0.2828 - learning_rate: 1.0000e-05
Epoch 3/35
306/306 - 38s - 125ms/step - accuracy: 0.8938 - loss: 0.2822 - val_accuracy: 0.9062 - val_loss: 0.2649 - learning_rate: 1.0000e-05
Epoch 4/35
306/306 - 38s - 124ms/step - accuracy: 0.9095 - loss: 0.2527 - val_accuracy: 0.9271 - val_loss: 0.2263 - learning_rate: 1.0000e-05
Epoch 5/35
306/306 - 39s - 126ms/step - accuracy: 0.9142 - loss: 0.2388 - val_accuracy: 0.9271 - val_loss: 0.2195 - learning_rate: 1.0000e-05
Epoch 6/35
306/306 - 38s - 125ms/step - accuracy: 0.9248 - loss: 0.2146 - val_accuracy: 0.9352 - val_loss: 0.1994 - learning_rate: 1.0000e-05
Epoch 7/35
306/306 - 38s - 126ms/step - accuracy: 0.9297 - loss: 0.2024 - val_accuracy: 0.9421 - val_loss: 0.1796 - learning_rate: 1.0000e-05
Epoch 8/35
306/306 - 38s - 126ms/step - accuracy: 0.9457 - loss: 0.1624 - val_accuracy: 0.9444 - val_loss: 0.1634 - learning_rate: 1.0000e-05
Epoch 9/35
306/306 - 38s - 125ms/step - accuracy: 0.9459 - loss: 0.1629 - val_accuracy: 0.9502 - val_loss: 0.1483 - learning_rate: 1.0000e-05
Epoch 10/35
306/306 - 38s - 126ms/step - accuracy: 0.9489 - loss: 0.1464 - val_accuracy: 0.9514 - val_loss: 0.1451 - learning_rate: 1.0000e-05
Epoch 11/35
306/306 - 38s - 125ms/step - accuracy: 0.9524 - loss: 0.1325 - val_accuracy: 0.9560 - val_loss: 0.1404 - learning_rate: 1.0000e-05
Epoch 12/35
306/306 - 39s - 126ms/step - accuracy: 0.9618 - loss: 0.1203 - val_accuracy: 0.9560 - val_loss: 0.1343 - learning_rate: 1.0000e-05
Epoch 13/35
306/306 - 38s - 125ms/step - accuracy: 0.9614 - loss: 0.1109 - val_accuracy: 0.9676 - val_loss: 0.1151 - learning_rate: 1.0000e-05
Epoch 14/35
306/306 - 38s - 125ms/step - accuracy: 0.9708 - loss: 0.0954 - val_accuracy: 0.9641 - val_loss: 0.1171 - learning_rate: 1.0000e-05
Epoch 15/35
306/306 - 39s - 126ms/step - accuracy: 0.9653 - loss: 0.1061 - val_accuracy: 0.9711 - val_loss: 0.1053 - learning_rate: 1.0000e-05
Epoch 16/35
306/306 - 38s - 125ms/step - accuracy: 0.9704 - loss: 0.0942 - val_accuracy: 0.9780 - val_loss: 0.0927 - learning_rate: 1.0000e-05
Epoch 17/35
306/306 - 38s - 124ms/step - accuracy: 0.9730 - loss: 0.0813 - val_accuracy: 0.9757 - val_loss: 0.0932 - learning_rate: 1.0000e-05
Epoch 18/35
306/306 - 38s - 124ms/step - accuracy: 0.9749 - loss: 0.0846 - val_accuracy: 0.9722 - val_loss: 0.1005 - learning_rate: 1.0000e-05
Epoch 19/35
306/306 - 38s - 125ms/step - accuracy: 0.9765 - loss: 0.0742 - val_accuracy: 0.9780 - val_loss: 0.0885 - learning_rate: 1.0000e-05
Epoch 20/35
306/306 - 38s - 124ms/step - accuracy: 0.9759 - loss: 0.0738 - val_accuracy: 0.9699 - val_loss: 0.0942 - learning_rate: 1.0000e-05
Epoch 21/35
306/306 - 38s - 124ms/step - accuracy: 0.9775 - loss: 0.0726 - val_accuracy: 0.9699 - val_loss: 0.0969 - learning_rate: 1.0000e-05
Epoch 22/35
306/306 - 38s - 125ms/step - accuracy: 0.9779 - loss: 0.0665 - val_accuracy: 0.9815 - val_loss: 0.0836 - learning_rate: 1.0000e-05
Epoch 23/35
306/306 - 38s - 123ms/step - accuracy: 0.9804 - loss: 0.0658 - val_accuracy: 0.9769 - val_loss: 0.0860 - learning_rate: 1.0000e-05
Epoch 24/35
306/306 - 38s - 123ms/step - accuracy: 0.9798 - loss: 0.0604 - val_accuracy: 0.9769 - val_loss: 0.0854 - learning_rate: 1.0000e-05
Epoch 25/35
306/306 - 38s - 123ms/step - accuracy: 0.9837 - loss: 0.0588 - val_accuracy: 0.9803 - val_loss: 0.0888 - learning_rate: 1.0000e-05
Epoch 26/35
306/306 - 38s - 124ms/step - accuracy: 0.9830 - loss: 0.0524 - val_accuracy: 0.9803 - val_loss: 0.0754 - learning_rate: 1.0000e-05
Epoch 27/35
306/306 - 38s - 124ms/step - accuracy: 0.9833 - loss: 0.0521 - val_accuracy: 0.9792 - val_loss: 0.0782 - learning_rate: 1.0000e-05
Epoch 28/35
306/306 - 37s - 123ms/step - accuracy: 0.9865 - loss: 0.0441 - val_accuracy: 0.9803 - val_loss: 0.0785 - learning_rate: 1.0000e-05
Epoch 29/35
306/306 - 38s - 123ms/step - accuracy: 0.9863 - loss: 0.0463 - val_accuracy: 0.9815 - val_loss: 0.0779 - learning_rate: 1.0000e-05
Epoch 30/35
306/306 - 38s - 125ms/step - accuracy: 0.9904 - loss: 0.0388 - val_accuracy: 0.9826 - val_loss: 0.0753 - learning_rate: 1.0000e-05
Epoch 31/35
306/306 - 38s - 124ms/step - accuracy: 0.9906 - loss: 0.0378 - val_accuracy: 0.9838 - val_loss: 0.0724 - learning_rate: 5.0000e-06
Epoch 32/35
306/306 - 38s - 125ms/step - accuracy: 0.9908 - loss: 0.0370 - val_accuracy: 0.9850 - val_loss: 0.0720 - learning_rate: 5.0000e-06
Epoch 33/35
306/306 - 38s - 124ms/step - accuracy: 0.9904 - loss: 0.0368 - val_accuracy: 0.9826 - val_loss: 0.0720 - learning_rate: 5.0000e-06
Epoch 34/35
306/306 - 38s - 125ms/step - accuracy: 0.9929 - loss: 0.0341 - val_accuracy: 0.9815 - val_loss: 0.0733 - learning_rate: 5.0000e-06
Epoch 35/35
306/306 - 38s - 124ms/step - accuracy: 0.9904 - loss: 0.0356 - val_accuracy: 0.9815 - val_loss: 0.0721 - learning_rate: 5.0000e-06

Fold 1 [densenet121] results: CNN=0.9847 (11.24 ms/img)  CNN+TTA=0.9854 (38.36 ms/img)  Ensemble=0.9847 (11.88 ms/img)  train_time=1793.3s (stage1=302.3s, stage2=1491.0s)

-- CNN+TTA classification report --
              precision    recall  f1-score   support

      glioma       0.99      0.98      0.98       360
  meningioma       0.98      0.97      0.98       360
     notumor       0.98      1.00      0.99       360
   pituitary       0.99      0.99      0.99       360

    accuracy                           0.99      1440
   macro avg       0.99      0.99      0.99      1440
weighted avg       0.99      0.99      0.99      1440

[[353   4   3   0]
 [  4 350   3   3]
 [  0   0 359   1]
 [  0   3   0 357]]

-- Embedding ensemble classification report --
              precision    recall  f1-score   support

      glioma       0.99      0.98      0.99       360
  meningioma       0.99      0.97      0.98       360
     notumor       0.98      0.99      0.99       360
   pituitary       0.98      0.99      0.99       360

    accuracy                           0.98      1440
   macro avg       0.98      0.98      0.98      1440
weighted avg       0.98      0.98      0.98      1440

[[354   3   3   0]
 [  4 349   3   4]
 [  0   0 357   3]
 [  0   2   0 358]]

======================================================================
densenet121 -- FOLD 2/5
======================================================================
Train: 4896  Val: 864  Test: 1440
Epoch 1/8
306/306 - 69s - 226ms/step - accuracy: 0.7661 - loss: 0.6562 - val_accuracy: 0.8090 - val_loss: 0.4885
Epoch 2/8
306/306 - 32s - 105ms/step - accuracy: 0.8278 - loss: 0.4601 - val_accuracy: 0.8287 - val_loss: 0.4137
Epoch 3/8
306/306 - 32s - 104ms/step - accuracy: 0.8348 - loss: 0.4336 - val_accuracy: 0.8530 - val_loss: 0.3826
Epoch 4/8
306/306 - 32s - 104ms/step - accuracy: 0.8452 - loss: 0.4050 - val_accuracy: 0.8519 - val_loss: 0.4045
Epoch 5/8
306/306 - 32s - 104ms/step - accuracy: 0.8548 - loss: 0.3828 - val_accuracy: 0.8634 - val_loss: 0.3650
Epoch 6/8
306/306 - 32s - 103ms/step - accuracy: 0.8676 - loss: 0.3718 - val_accuracy: 0.8507 - val_loss: 0.4057
Epoch 7/8
306/306 - 32s - 103ms/step - accuracy: 0.8613 - loss: 0.3634 - val_accuracy: 0.8449 - val_loss: 0.4108
Epoch 8/8
306/306 - 32s - 104ms/step - accuracy: 0.8687 - loss: 0.3464 - val_accuracy: 0.8484 - val_loss: 0.3857
Epoch 1/35
306/306 - 193s - 632ms/step - accuracy: 0.8311 - loss: 0.4536 - val_accuracy: 0.8368 - val_loss: 0.4169 - learning_rate: 1.0000e-05
Epoch 2/35
306/306 - 39s - 128ms/step - accuracy: 0.8707 - loss: 0.3465 - val_accuracy: 0.8727 - val_loss: 0.3081 - learning_rate: 1.0000e-05
Epoch 3/35
306/306 - 39s - 128ms/step - accuracy: 0.8932 - loss: 0.2954 - val_accuracy: 0.8970 - val_loss: 0.2761 - learning_rate: 1.0000e-05
Epoch 4/35
306/306 - 39s - 128ms/step - accuracy: 0.9112 - loss: 0.2462 - val_accuracy: 0.9062 - val_loss: 0.2556 - learning_rate: 1.0000e-05
Epoch 5/35
306/306 - 39s - 126ms/step - accuracy: 0.9167 - loss: 0.2433 - val_accuracy: 0.9120 - val_loss: 0.2378 - learning_rate: 1.0000e-05
Epoch 6/35
306/306 - 39s - 127ms/step - accuracy: 0.9189 - loss: 0.2182 - val_accuracy: 0.9236 - val_loss: 0.2085 - learning_rate: 1.0000e-05
Epoch 7/35
306/306 - 39s - 127ms/step - accuracy: 0.9299 - loss: 0.1939 - val_accuracy: 0.9410 - val_loss: 0.1872 - learning_rate: 1.0000e-05
Epoch 8/35
306/306 - 38s - 126ms/step - accuracy: 0.9377 - loss: 0.1746 - val_accuracy: 0.9329 - val_loss: 0.1954 - learning_rate: 1.0000e-05
Epoch 9/35
306/306 - 39s - 126ms/step - accuracy: 0.9485 - loss: 0.1473 - val_accuracy: 0.9329 - val_loss: 0.1782 - learning_rate: 1.0000e-05
Epoch 10/35
306/306 - 39s - 126ms/step - accuracy: 0.9510 - loss: 0.1389 - val_accuracy: 0.9433 - val_loss: 0.1588 - learning_rate: 1.0000e-05
Epoch 11/35
306/306 - 38s - 126ms/step - accuracy: 0.9524 - loss: 0.1334 - val_accuracy: 0.9468 - val_loss: 0.1528 - learning_rate: 1.0000e-05
Epoch 12/35
306/306 - 39s - 126ms/step - accuracy: 0.9616 - loss: 0.1213 - val_accuracy: 0.9491 - val_loss: 0.1492 - learning_rate: 1.0000e-05
Epoch 13/35
306/306 - 38s - 125ms/step - accuracy: 0.9622 - loss: 0.1100 - val_accuracy: 0.9479 - val_loss: 0.1559 - learning_rate: 1.0000e-05
Epoch 14/35
306/306 - 38s - 126ms/step - accuracy: 0.9679 - loss: 0.0975 - val_accuracy: 0.9606 - val_loss: 0.1359 - learning_rate: 1.0000e-05
Epoch 15/35
306/306 - 39s - 127ms/step - accuracy: 0.9653 - loss: 0.1009 - val_accuracy: 0.9595 - val_loss: 0.1261 - learning_rate: 1.0000e-05
Epoch 16/35
306/306 - 39s - 126ms/step - accuracy: 0.9728 - loss: 0.0834 - val_accuracy: 0.9618 - val_loss: 0.1202 - learning_rate: 1.0000e-05
Epoch 17/35
306/306 - 39s - 127ms/step - accuracy: 0.9786 - loss: 0.0748 - val_accuracy: 0.9641 - val_loss: 0.1158 - learning_rate: 1.0000e-05
Epoch 18/35
306/306 - 39s - 127ms/step - accuracy: 0.9761 - loss: 0.0840 - val_accuracy: 0.9653 - val_loss: 0.1131 - learning_rate: 1.0000e-05
Epoch 19/35
306/306 - 39s - 127ms/step - accuracy: 0.9804 - loss: 0.0720 - val_accuracy: 0.9676 - val_loss: 0.1154 - learning_rate: 1.0000e-05
Epoch 20/35
306/306 - 39s - 126ms/step - accuracy: 0.9800 - loss: 0.0691 - val_accuracy: 0.9641 - val_loss: 0.1146 - learning_rate: 1.0000e-05
Epoch 21/35
306/306 - 38s - 126ms/step - accuracy: 0.9763 - loss: 0.0717 - val_accuracy: 0.9641 - val_loss: 0.1121 - learning_rate: 1.0000e-05
Epoch 22/35
306/306 - 39s - 127ms/step - accuracy: 0.9804 - loss: 0.0657 - val_accuracy: 0.9664 - val_loss: 0.1106 - learning_rate: 1.0000e-05
Epoch 23/35
306/306 - 39s - 128ms/step - accuracy: 0.9802 - loss: 0.0675 - val_accuracy: 0.9676 - val_loss: 0.1100 - learning_rate: 1.0000e-05
Epoch 24/35
306/306 - 39s - 127ms/step - accuracy: 0.9837 - loss: 0.0543 - val_accuracy: 0.9676 - val_loss: 0.1037 - learning_rate: 1.0000e-05
Epoch 25/35
306/306 - 39s - 127ms/step - accuracy: 0.9871 - loss: 0.0513 - val_accuracy: 0.9711 - val_loss: 0.1000 - learning_rate: 1.0000e-05
Epoch 26/35
306/306 - 39s - 126ms/step - accuracy: 0.9896 - loss: 0.0447 - val_accuracy: 0.9699 - val_loss: 0.0995 - learning_rate: 1.0000e-05
Epoch 27/35
306/306 - 39s - 126ms/step - accuracy: 0.9867 - loss: 0.0464 - val_accuracy: 0.9734 - val_loss: 0.0953 - learning_rate: 1.0000e-05
Epoch 28/35
306/306 - 39s - 126ms/step - accuracy: 0.9886 - loss: 0.0373 - val_accuracy: 0.9722 - val_loss: 0.0944 - learning_rate: 1.0000e-05
Epoch 29/35
306/306 - 39s - 126ms/step - accuracy: 0.9890 - loss: 0.0394 - val_accuracy: 0.9769 - val_loss: 0.0933 - learning_rate: 1.0000e-05
Epoch 30/35
306/306 - 39s - 126ms/step - accuracy: 0.9884 - loss: 0.0421 - val_accuracy: 0.9699 - val_loss: 0.0970 - learning_rate: 1.0000e-05
Epoch 31/35
306/306 - 39s - 126ms/step - accuracy: 0.9886 - loss: 0.0415 - val_accuracy: 0.9734 - val_loss: 0.0921 - learning_rate: 1.0000e-05
Epoch 32/35
306/306 - 39s - 127ms/step - accuracy: 0.9916 - loss: 0.0342 - val_accuracy: 0.9769 - val_loss: 0.0868 - learning_rate: 1.0000e-05
Epoch 33/35
306/306 - 39s - 127ms/step - accuracy: 0.9886 - loss: 0.0381 - val_accuracy: 0.9792 - val_loss: 0.0805 - learning_rate: 1.0000e-05
Epoch 34/35
306/306 - 39s - 126ms/step - accuracy: 0.9908 - loss: 0.0327 - val_accuracy: 0.9780 - val_loss: 0.0917 - learning_rate: 1.0000e-05
Epoch 35/35
306/306 - 39s - 126ms/step - accuracy: 0.9888 - loss: 0.0396 - val_accuracy: 0.9745 - val_loss: 0.0931 - learning_rate: 1.0000e-05

Fold 2 [densenet121] results: CNN=0.9729 (11.32 ms/img)  CNN+TTA=0.9826 (37.75 ms/img)  Ensemble=0.9826 (11.67 ms/img)  train_time=1802.5s (stage1=292.1s, stage2=1510.5s)

-- CNN+TTA classification report --
              precision    recall  f1-score   support

      glioma       0.98      0.98      0.98       360
  meningioma       0.97      0.96      0.97       360
     notumor       0.99      0.99      0.99       360
   pituitary       0.99      1.00      0.99       360

    accuracy                           0.98      1440
   macro avg       0.98      0.98      0.98      1440
weighted avg       0.98      0.98      0.98      1440

[[353   6   1   0]
 [  6 347   4   3]
 [  2   2 356   0]
 [  0   1   0 359]]

-- Embedding ensemble classification report --
              precision    recall  f1-score   support

      glioma       0.99      0.97      0.98       360
  meningioma       0.97      0.97      0.97       360
     notumor       0.99      0.99      0.99       360
   pituitary       0.98      1.00      0.99       360

    accuracy                           0.98      1440
   macro avg       0.98      0.98      0.98      1440
weighted avg       0.98      0.98      0.98      1440

[[348  11   1   0]
 [  3 350   3   4]
 [  1   0 357   2]
 [  0   0   0 360]]

======================================================================
densenet121 -- FOLD 3/5
======================================================================
Train: 4896  Val: 864  Test: 1440
Epoch 1/8
306/306 - 68s - 223ms/step - accuracy: 0.7694 - loss: 0.6626 - val_accuracy: 0.8414 - val_loss: 0.4467
Epoch 2/8
306/306 - 32s - 106ms/step - accuracy: 0.8315 - loss: 0.4785 - val_accuracy: 0.8484 - val_loss: 0.4274
Epoch 3/8
306/306 - 32s - 104ms/step - accuracy: 0.8393 - loss: 0.4377 - val_accuracy: 0.8542 - val_loss: 0.4056
Epoch 4/8
306/306 - 32s - 104ms/step - accuracy: 0.8456 - loss: 0.4074 - val_accuracy: 0.8623 - val_loss: 0.3790
Epoch 5/8
306/306 - 32s - 105ms/step - accuracy: 0.8589 - loss: 0.3886 - val_accuracy: 0.8819 - val_loss: 0.3364
Epoch 6/8
306/306 - 32s - 104ms/step - accuracy: 0.8623 - loss: 0.3612 - val_accuracy: 0.8484 - val_loss: 0.4215
Epoch 7/8
306/306 - 32s - 104ms/step - accuracy: 0.8699 - loss: 0.3504 - val_accuracy: 0.8750 - val_loss: 0.3692
Epoch 8/8
306/306 - 32s - 105ms/step - accuracy: 0.8772 - loss: 0.3247 - val_accuracy: 0.8681 - val_loss: 0.3552
Epoch 1/35
306/306 - 191s - 624ms/step - accuracy: 0.8309 - loss: 0.4422 - val_accuracy: 0.8611 - val_loss: 0.3501 - learning_rate: 1.0000e-05
Epoch 2/35
306/306 - 39s - 128ms/step - accuracy: 0.8730 - loss: 0.3414 - val_accuracy: 0.8958 - val_loss: 0.2782 - learning_rate: 1.0000e-05
Epoch 3/35
306/306 - 39s - 127ms/step - accuracy: 0.8915 - loss: 0.2997 - val_accuracy: 0.9051 - val_loss: 0.2564 - learning_rate: 1.0000e-05
Epoch 4/35
306/306 - 39s - 127ms/step - accuracy: 0.9046 - loss: 0.2626 - val_accuracy: 0.9167 - val_loss: 0.2327 - learning_rate: 1.0000e-05
Epoch 5/35
306/306 - 39s - 127ms/step - accuracy: 0.9254 - loss: 0.2182 - val_accuracy: 0.9248 - val_loss: 0.2112 - learning_rate: 1.0000e-05
Epoch 6/35
306/306 - 39s - 126ms/step - accuracy: 0.9263 - loss: 0.2099 - val_accuracy: 0.9248 - val_loss: 0.2084 - learning_rate: 1.0000e-05
Epoch 7/35
306/306 - 39s - 127ms/step - accuracy: 0.9334 - loss: 0.1961 - val_accuracy: 0.9363 - val_loss: 0.1800 - learning_rate: 1.0000e-05
Epoch 8/35
306/306 - 39s - 127ms/step - accuracy: 0.9381 - loss: 0.1793 - val_accuracy: 0.9387 - val_loss: 0.1692 - learning_rate: 1.0000e-05
Epoch 9/35
306/306 - 39s - 127ms/step - accuracy: 0.9506 - loss: 0.1480 - val_accuracy: 0.9421 - val_loss: 0.1502 - learning_rate: 1.0000e-05
Epoch 10/35
306/306 - 39s - 126ms/step - accuracy: 0.9522 - loss: 0.1457 - val_accuracy: 0.9491 - val_loss: 0.1369 - learning_rate: 1.0000e-05
Epoch 11/35
306/306 - 39s - 127ms/step - accuracy: 0.9569 - loss: 0.1289 - val_accuracy: 0.9514 - val_loss: 0.1335 - learning_rate: 1.0000e-05
Epoch 12/35
306/306 - 39s - 126ms/step - accuracy: 0.9583 - loss: 0.1252 - val_accuracy: 0.9560 - val_loss: 0.1269 - learning_rate: 1.0000e-05
Epoch 13/35
306/306 - 39s - 126ms/step - accuracy: 0.9600 - loss: 0.1176 - val_accuracy: 0.9583 - val_loss: 0.1172 - learning_rate: 1.0000e-05
Epoch 14/35
306/306 - 38s - 124ms/step - accuracy: 0.9683 - loss: 0.0989 - val_accuracy: 0.9618 - val_loss: 0.1231 - learning_rate: 1.0000e-05
Epoch 15/35
306/306 - 39s - 126ms/step - accuracy: 0.9659 - loss: 0.1088 - val_accuracy: 0.9630 - val_loss: 0.1083 - learning_rate: 1.0000e-05
Epoch 16/35
306/306 - 39s - 127ms/step - accuracy: 0.9712 - loss: 0.0919 - val_accuracy: 0.9664 - val_loss: 0.0959 - learning_rate: 1.0000e-05
Epoch 17/35
306/306 - 38s - 126ms/step - accuracy: 0.9765 - loss: 0.0827 - val_accuracy: 0.9664 - val_loss: 0.1052 - learning_rate: 1.0000e-05
Epoch 18/35
306/306 - 39s - 126ms/step - accuracy: 0.9739 - loss: 0.0851 - val_accuracy: 0.9688 - val_loss: 0.0942 - learning_rate: 1.0000e-05
Epoch 19/35
306/306 - 39s - 126ms/step - accuracy: 0.9724 - loss: 0.0848 - val_accuracy: 0.9688 - val_loss: 0.0874 - learning_rate: 1.0000e-05
Epoch 20/35
306/306 - 38s - 125ms/step - accuracy: 0.9781 - loss: 0.0717 - val_accuracy: 0.9688 - val_loss: 0.0933 - learning_rate: 1.0000e-05
Epoch 21/35
306/306 - 38s - 125ms/step - accuracy: 0.9796 - loss: 0.0663 - val_accuracy: 0.9676 - val_loss: 0.0980 - learning_rate: 1.0000e-05
Epoch 22/35
306/306 - 39s - 127ms/step - accuracy: 0.9806 - loss: 0.0671 - val_accuracy: 0.9734 - val_loss: 0.0835 - learning_rate: 1.0000e-05
Epoch 23/35
306/306 - 39s - 127ms/step - accuracy: 0.9792 - loss: 0.0639 - val_accuracy: 0.9769 - val_loss: 0.0792 - learning_rate: 1.0000e-05
Epoch 24/35
306/306 - 38s - 125ms/step - accuracy: 0.9867 - loss: 0.0512 - val_accuracy: 0.9792 - val_loss: 0.0800 - learning_rate: 1.0000e-05
Epoch 25/35
306/306 - 39s - 126ms/step - accuracy: 0.9828 - loss: 0.0527 - val_accuracy: 0.9769 - val_loss: 0.0770 - learning_rate: 1.0000e-05
Epoch 26/35
306/306 - 38s - 125ms/step - accuracy: 0.9871 - loss: 0.0478 - val_accuracy: 0.9745 - val_loss: 0.0795 - learning_rate: 1.0000e-05
Epoch 27/35
306/306 - 38s - 125ms/step - accuracy: 0.9828 - loss: 0.0567 - val_accuracy: 0.9769 - val_loss: 0.0792 - learning_rate: 1.0000e-05
Epoch 28/35
306/306 - 38s - 125ms/step - accuracy: 0.9877 - loss: 0.0478 - val_accuracy: 0.9803 - val_loss: 0.0783 - learning_rate: 1.0000e-05
Epoch 29/35
306/306 - 39s - 127ms/step - accuracy: 0.9871 - loss: 0.0420 - val_accuracy: 0.9792 - val_loss: 0.0836 - learning_rate: 1.0000e-05
Epoch 30/35
306/306 - 38s - 126ms/step - accuracy: 0.9888 - loss: 0.0404 - val_accuracy: 0.9803 - val_loss: 0.0799 - learning_rate: 5.0000e-06
Epoch 31/35
306/306 - 38s - 126ms/step - accuracy: 0.9890 - loss: 0.0406 - val_accuracy: 0.9815 - val_loss: 0.0805 - learning_rate: 5.0000e-06
Epoch 32/35
306/306 - 38s - 125ms/step - accuracy: 0.9906 - loss: 0.0360 - val_accuracy: 0.9792 - val_loss: 0.0777 - learning_rate: 5.0000e-06
Epoch 33/35
306/306 - 39s - 126ms/step - accuracy: 0.9857 - loss: 0.0406 - val_accuracy: 0.9722 - val_loss: 0.0818 - learning_rate: 5.0000e-06
Epoch 34/35
306/306 - 38s - 125ms/step - accuracy: 0.9910 - loss: 0.0344 - val_accuracy: 0.9780 - val_loss: 0.0781 - learning_rate: 2.5000e-06
Epoch 35/35
306/306 - 39s - 126ms/step - accuracy: 0.9888 - loss: 0.0376 - val_accuracy: 0.9769 - val_loss: 0.0772 - learning_rate: 2.5000e-06

Fold 3 [densenet121] results: CNN=0.9694 (11.45 ms/img)  CNN+TTA=0.9792 (37.46 ms/img)  Ensemble=0.9750 (12.81 ms/img)  train_time=1795.7s (stage1=292.4s, stage2=1503.3s)

-- CNN+TTA classification report --
              precision    recall  f1-score   support

      glioma       0.99      0.96      0.97       360
  meningioma       0.96      0.97      0.97       360
     notumor       0.99      0.98      0.99       360
   pituitary       0.98      1.00      0.99       360

    accuracy                           0.98      1440
   macro avg       0.98      0.98      0.98      1440
weighted avg       0.98      0.98      0.98      1440

[[347  10   3   0]
 [  4 350   0   6]
 [  1   4 353   2]
 [  0   0   0 360]]

-- Embedding ensemble classification report --
              precision    recall  f1-score   support

      glioma       0.97      0.96      0.97       360
  meningioma       0.96      0.96      0.96       360
     notumor       0.99      0.98      0.99       360
   pituitary       0.98      1.00      0.99       360

    accuracy                           0.97      1440
   macro avg       0.98      0.97      0.97      1440
weighted avg       0.98      0.97      0.97      1440

[[346  11   3   0]
 [  7 346   0   7]
 [  1   4 353   2]
 [  1   0   0 359]]

======================================================================
densenet121 -- FOLD 4/5
======================================================================
Train: 4896  Val: 864  Test: 1440
Epoch 1/8
306/306 - 69s - 226ms/step - accuracy: 0.7639 - loss: 0.6744 - val_accuracy: 0.8368 - val_loss: 0.4343
Epoch 2/8
306/306 - 33s - 106ms/step - accuracy: 0.8284 - loss: 0.4656 - val_accuracy: 0.8634 - val_loss: 0.3685
Epoch 3/8
306/306 - 32s - 105ms/step - accuracy: 0.8411 - loss: 0.4331 - val_accuracy: 0.8634 - val_loss: 0.3852
Epoch 4/8
306/306 - 32s - 105ms/step - accuracy: 0.8419 - loss: 0.4133 - val_accuracy: 0.8646 - val_loss: 0.3540
Epoch 5/8
306/306 - 32s - 105ms/step - accuracy: 0.8562 - loss: 0.3971 - val_accuracy: 0.8542 - val_loss: 0.3604
Epoch 6/8
306/306 - 32s - 104ms/step - accuracy: 0.8660 - loss: 0.3637 - val_accuracy: 0.8669 - val_loss: 0.3471
Epoch 7/8
306/306 - 32s - 103ms/step - accuracy: 0.8664 - loss: 0.3578 - val_accuracy: 0.8588 - val_loss: 0.3624
Epoch 8/8
306/306 - 32s - 105ms/step - accuracy: 0.8711 - loss: 0.3416 - val_accuracy: 0.8900 - val_loss: 0.3025
Epoch 1/35
306/306 - 192s - 628ms/step - accuracy: 0.8376 - loss: 0.4409 - val_accuracy: 0.8692 - val_loss: 0.3286 - learning_rate: 1.0000e-05
Epoch 2/35
306/306 - 38s - 126ms/step - accuracy: 0.8740 - loss: 0.3479 - val_accuracy: 0.8831 - val_loss: 0.3070 - learning_rate: 1.0000e-05
Epoch 3/35
306/306 - 38s - 126ms/step - accuracy: 0.8962 - loss: 0.2878 - val_accuracy: 0.9016 - val_loss: 0.2542 - learning_rate: 1.0000e-05
Epoch 4/35
306/306 - 38s - 125ms/step - accuracy: 0.9077 - loss: 0.2588 - val_accuracy: 0.9074 - val_loss: 0.2389 - learning_rate: 1.0000e-05
Epoch 5/35
306/306 - 38s - 126ms/step - accuracy: 0.9224 - loss: 0.2207 - val_accuracy: 0.9167 - val_loss: 0.2277 - learning_rate: 1.0000e-05
Epoch 6/35
306/306 - 38s - 126ms/step - accuracy: 0.9201 - loss: 0.2219 - val_accuracy: 0.9271 - val_loss: 0.2064 - learning_rate: 1.0000e-05
Epoch 7/35
306/306 - 39s - 127ms/step - accuracy: 0.9318 - loss: 0.1886 - val_accuracy: 0.9352 - val_loss: 0.1904 - learning_rate: 1.0000e-05
Epoch 8/35
306/306 - 39s - 126ms/step - accuracy: 0.9455 - loss: 0.1597 - val_accuracy: 0.9387 - val_loss: 0.1800 - learning_rate: 1.0000e-05
Epoch 9/35
306/306 - 39s - 126ms/step - accuracy: 0.9457 - loss: 0.1494 - val_accuracy: 0.9514 - val_loss: 0.1690 - learning_rate: 1.0000e-05
Epoch 10/35
306/306 - 39s - 127ms/step - accuracy: 0.9502 - loss: 0.1470 - val_accuracy: 0.9572 - val_loss: 0.1465 - learning_rate: 1.0000e-05
Epoch 11/35
306/306 - 39s - 126ms/step - accuracy: 0.9559 - loss: 0.1388 - val_accuracy: 0.9606 - val_loss: 0.1347 - learning_rate: 1.0000e-05
Epoch 12/35
306/306 - 38s - 124ms/step - accuracy: 0.9592 - loss: 0.1189 - val_accuracy: 0.9618 - val_loss: 0.1382 - learning_rate: 1.0000e-05
Epoch 13/35
306/306 - 38s - 125ms/step - accuracy: 0.9630 - loss: 0.1160 - val_accuracy: 0.9560 - val_loss: 0.1355 - learning_rate: 1.0000e-05
Epoch 14/35
306/306 - 38s - 126ms/step - accuracy: 0.9724 - loss: 0.0973 - val_accuracy: 0.9676 - val_loss: 0.1198 - learning_rate: 1.0000e-05
Epoch 15/35
306/306 - 38s - 125ms/step - accuracy: 0.9679 - loss: 0.1008 - val_accuracy: 0.9664 - val_loss: 0.1227 - learning_rate: 1.0000e-05
Epoch 16/35
306/306 - 39s - 126ms/step - accuracy: 0.9741 - loss: 0.0868 - val_accuracy: 0.9676 - val_loss: 0.1086 - learning_rate: 1.0000e-05
Epoch 17/35
306/306 - 39s - 127ms/step - accuracy: 0.9759 - loss: 0.0808 - val_accuracy: 0.9757 - val_loss: 0.0992 - learning_rate: 1.0000e-05
Epoch 18/35
306/306 - 39s - 127ms/step - accuracy: 0.9755 - loss: 0.0826 - val_accuracy: 0.9722 - val_loss: 0.0988 - learning_rate: 1.0000e-05
Epoch 19/35
306/306 - 39s - 126ms/step - accuracy: 0.9743 - loss: 0.0764 - val_accuracy: 0.9757 - val_loss: 0.0926 - learning_rate: 1.0000e-05
Epoch 20/35
306/306 - 39s - 127ms/step - accuracy: 0.9794 - loss: 0.0649 - val_accuracy: 0.9769 - val_loss: 0.0885 - learning_rate: 1.0000e-05
Epoch 21/35
306/306 - 39s - 126ms/step - accuracy: 0.9783 - loss: 0.0657 - val_accuracy: 0.9803 - val_loss: 0.0800 - learning_rate: 1.0000e-05
Epoch 22/35
306/306 - 38s - 125ms/step - accuracy: 0.9828 - loss: 0.0607 - val_accuracy: 0.9815 - val_loss: 0.0824 - learning_rate: 1.0000e-05
Epoch 23/35
306/306 - 39s - 126ms/step - accuracy: 0.9804 - loss: 0.0617 - val_accuracy: 0.9803 - val_loss: 0.0798 - learning_rate: 1.0000e-05
Epoch 24/35
306/306 - 38s - 125ms/step - accuracy: 0.9843 - loss: 0.0577 - val_accuracy: 0.9757 - val_loss: 0.0927 - learning_rate: 1.0000e-05
Epoch 25/35
306/306 - 38s - 125ms/step - accuracy: 0.9833 - loss: 0.0523 - val_accuracy: 0.9780 - val_loss: 0.0916 - learning_rate: 1.0000e-05
Epoch 26/35
306/306 - 38s - 125ms/step - accuracy: 0.9847 - loss: 0.0534 - val_accuracy: 0.9757 - val_loss: 0.0902 - learning_rate: 1.0000e-05
Epoch 27/35
306/306 - 38s - 126ms/step - accuracy: 0.9871 - loss: 0.0450 - val_accuracy: 0.9769 - val_loss: 0.0813 - learning_rate: 1.0000e-05
Epoch 28/35
306/306 - 39s - 126ms/step - accuracy: 0.9869 - loss: 0.0442 - val_accuracy: 0.9780 - val_loss: 0.0763 - learning_rate: 5.0000e-06
Epoch 29/35
306/306 - 38s - 125ms/step - accuracy: 0.9884 - loss: 0.0405 - val_accuracy: 0.9780 - val_loss: 0.0812 - learning_rate: 5.0000e-06
Epoch 30/35
306/306 - 38s - 126ms/step - accuracy: 0.9882 - loss: 0.0425 - val_accuracy: 0.9780 - val_loss: 0.0829 - learning_rate: 5.0000e-06
Epoch 31/35
306/306 - 38s - 126ms/step - accuracy: 0.9888 - loss: 0.0413 - val_accuracy: 0.9780 - val_loss: 0.0800 - learning_rate: 5.0000e-06
Epoch 32/35
306/306 - 39s - 126ms/step - accuracy: 0.9898 - loss: 0.0379 - val_accuracy: 0.9803 - val_loss: 0.0751 - learning_rate: 5.0000e-06
Epoch 33/35
306/306 - 38s - 125ms/step - accuracy: 0.9886 - loss: 0.0387 - val_accuracy: 0.9792 - val_loss: 0.0758 - learning_rate: 5.0000e-06
Epoch 34/35
306/306 - 39s - 126ms/step - accuracy: 0.9896 - loss: 0.0364 - val_accuracy: 0.9815 - val_loss: 0.0710 - learning_rate: 5.0000e-06
Epoch 35/35
306/306 - 38s - 125ms/step - accuracy: 0.9867 - loss: 0.0450 - val_accuracy: 0.9792 - val_loss: 0.0741 - learning_rate: 5.0000e-06

Fold 4 [densenet121] results: CNN=0.9785 (11.51 ms/img)  CNN+TTA=0.9840 (37.18 ms/img)  Ensemble=0.9799 (11.64 ms/img)  train_time=1794.7s (stage1=293.6s, stage2=1501.2s)

-- CNN+TTA classification report --
              precision    recall  f1-score   support

      glioma       0.98      0.97      0.98       360
  meningioma       0.98      0.99      0.98       360
     notumor       0.98      0.99      0.99       360
   pituitary       0.99      0.98      0.99       360

    accuracy                           0.98      1440
   macro avg       0.98      0.98      0.98      1440
weighted avg       0.98      0.98      0.98      1440

[[350   4   5   1]
 [  3 357   0   0]
 [  2   0 356   2]
 [  1   4   1 354]]

-- Embedding ensemble classification report --
              precision    recall  f1-score   support

      glioma       0.98      0.96      0.97       360
  meningioma       0.96      0.98      0.97       360
     notumor       0.99      0.99      0.99       360
   pituitary       0.99      0.99      0.99       360

    accuracy                           0.98      1440
   macro avg       0.98      0.98      0.98      1440
weighted avg       0.98      0.98      0.98      1440

[[346   9   4   1]
 [  5 354   0   1]
 [  2   1 356   1]
 [  0   5   0 355]]

======================================================================
densenet121 -- FOLD 5/5
======================================================================
Train: 4896  Val: 864  Test: 1440
Epoch 1/8
306/306 - 68s - 223ms/step - accuracy: 0.7672 - loss: 0.6566 - val_accuracy: 0.8229 - val_loss: 0.5219
Epoch 2/8
306/306 - 32s - 104ms/step - accuracy: 0.8297 - loss: 0.4632 - val_accuracy: 0.8356 - val_loss: 0.4927
Epoch 3/8
306/306 - 32s - 104ms/step - accuracy: 0.8401 - loss: 0.4198 - val_accuracy: 0.8576 - val_loss: 0.4110
Epoch 4/8
306/306 - 32s - 104ms/step - accuracy: 0.8491 - loss: 0.4106 - val_accuracy: 0.8704 - val_loss: 0.4114
Epoch 5/8
306/306 - 32s - 104ms/step - accuracy: 0.8517 - loss: 0.3883 - val_accuracy: 0.8715 - val_loss: 0.4051
Epoch 6/8
306/306 - 32s - 104ms/step - accuracy: 0.8623 - loss: 0.3668 - val_accuracy: 0.8600 - val_loss: 0.4289
Epoch 7/8
306/306 - 32s - 104ms/step - accuracy: 0.8629 - loss: 0.3585 - val_accuracy: 0.8669 - val_loss: 0.4224
Epoch 8/8
306/306 - 32s - 105ms/step - accuracy: 0.8752 - loss: 0.3429 - val_accuracy: 0.8762 - val_loss: 0.4086
Epoch 1/35
306/306 - 191s - 624ms/step - accuracy: 0.8274 - loss: 0.4575 - val_accuracy: 0.8704 - val_loss: 0.3938 - learning_rate: 1.0000e-05
Epoch 2/35
306/306 - 39s - 127ms/step - accuracy: 0.8754 - loss: 0.3424 - val_accuracy: 0.8947 - val_loss: 0.3363 - learning_rate: 1.0000e-05
Epoch 3/35
306/306 - 39s - 126ms/step - accuracy: 0.8920 - loss: 0.2979 - val_accuracy: 0.9097 - val_loss: 0.3061 - learning_rate: 1.0000e-05
Epoch 4/35
306/306 - 39s - 126ms/step - accuracy: 0.9103 - loss: 0.2447 - val_accuracy: 0.9074 - val_loss: 0.2920 - learning_rate: 1.0000e-05
Epoch 5/35
306/306 - 39s - 126ms/step - accuracy: 0.9193 - loss: 0.2244 - val_accuracy: 0.9144 - val_loss: 0.2493 - learning_rate: 1.0000e-05
Epoch 6/35
306/306 - 38s - 125ms/step - accuracy: 0.9271 - loss: 0.2083 - val_accuracy: 0.9120 - val_loss: 0.2532 - learning_rate: 1.0000e-05
Epoch 7/35
306/306 - 39s - 126ms/step - accuracy: 0.9346 - loss: 0.1935 - val_accuracy: 0.9178 - val_loss: 0.2394 - learning_rate: 1.0000e-05
Epoch 8/35
306/306 - 39s - 126ms/step - accuracy: 0.9436 - loss: 0.1630 - val_accuracy: 0.9259 - val_loss: 0.2156 - learning_rate: 1.0000e-05
Epoch 9/35
306/306 - 39s - 126ms/step - accuracy: 0.9496 - loss: 0.1428 - val_accuracy: 0.9248 - val_loss: 0.2115 - learning_rate: 1.0000e-05
Epoch 10/35
306/306 - 39s - 126ms/step - accuracy: 0.9481 - loss: 0.1446 - val_accuracy: 0.9317 - val_loss: 0.1997 - learning_rate: 1.0000e-05
Epoch 11/35
306/306 - 39s - 126ms/step - accuracy: 0.9569 - loss: 0.1352 - val_accuracy: 0.9340 - val_loss: 0.1835 - learning_rate: 1.0000e-05
Epoch 12/35
306/306 - 39s - 127ms/step - accuracy: 0.9581 - loss: 0.1255 - val_accuracy: 0.9410 - val_loss: 0.1668 - learning_rate: 1.0000e-05
Epoch 13/35
306/306 - 39s - 127ms/step - accuracy: 0.9651 - loss: 0.1129 - val_accuracy: 0.9410 - val_loss: 0.1656 - learning_rate: 1.0000e-05
Epoch 14/35
306/306 - 39s - 126ms/step - accuracy: 0.9690 - loss: 0.0940 - val_accuracy: 0.9456 - val_loss: 0.1579 - learning_rate: 1.0000e-05
Epoch 15/35
306/306 - 39s - 126ms/step - accuracy: 0.9681 - loss: 0.0976 - val_accuracy: 0.9502 - val_loss: 0.1497 - learning_rate: 1.0000e-05
Epoch 16/35
306/306 - 39s - 126ms/step - accuracy: 0.9671 - loss: 0.0920 - val_accuracy: 0.9502 - val_loss: 0.1430 - learning_rate: 1.0000e-05
Epoch 17/35
306/306 - 39s - 126ms/step - accuracy: 0.9751 - loss: 0.0837 - val_accuracy: 0.9502 - val_loss: 0.1386 - learning_rate: 1.0000e-05
Epoch 18/35
306/306 - 39s - 126ms/step - accuracy: 0.9730 - loss: 0.0891 - val_accuracy: 0.9514 - val_loss: 0.1364 - learning_rate: 1.0000e-05
Epoch 19/35
306/306 - 39s - 126ms/step - accuracy: 0.9796 - loss: 0.0738 - val_accuracy: 0.9560 - val_loss: 0.1252 - learning_rate: 1.0000e-05
Epoch 20/35
306/306 - 39s - 127ms/step - accuracy: 0.9788 - loss: 0.0692 - val_accuracy: 0.9583 - val_loss: 0.1181 - learning_rate: 1.0000e-05
Epoch 21/35
306/306 - 38s - 125ms/step - accuracy: 0.9828 - loss: 0.0625 - val_accuracy: 0.9549 - val_loss: 0.1265 - learning_rate: 1.0000e-05
Epoch 22/35
306/306 - 38s - 126ms/step - accuracy: 0.9814 - loss: 0.0660 - val_accuracy: 0.9583 - val_loss: 0.1305 - learning_rate: 1.0000e-05
Epoch 23/35
306/306 - 39s - 126ms/step - accuracy: 0.9824 - loss: 0.0614 - val_accuracy: 0.9606 - val_loss: 0.1189 - learning_rate: 1.0000e-05
Epoch 24/35
306/306 - 38s - 125ms/step - accuracy: 0.9820 - loss: 0.0568 - val_accuracy: 0.9618 - val_loss: 0.1220 - learning_rate: 1.0000e-05
Epoch 25/35
306/306 - 39s - 126ms/step - accuracy: 0.9857 - loss: 0.0469 - val_accuracy: 0.9630 - val_loss: 0.1138 - learning_rate: 5.0000e-06
Epoch 26/35
306/306 - 38s - 126ms/step - accuracy: 0.9867 - loss: 0.0461 - val_accuracy: 0.9630 - val_loss: 0.1169 - learning_rate: 5.0000e-06
Epoch 27/35
306/306 - 38s - 125ms/step - accuracy: 0.9867 - loss: 0.0460 - val_accuracy: 0.9583 - val_loss: 0.1204 - learning_rate: 5.0000e-06
Epoch 28/35
306/306 - 38s - 125ms/step - accuracy: 0.9898 - loss: 0.0406 - val_accuracy: 0.9595 - val_loss: 0.1214 - learning_rate: 5.0000e-06
Epoch 29/35
306/306 - 39s - 127ms/step - accuracy: 0.9884 - loss: 0.0433 - val_accuracy: 0.9618 - val_loss: 0.1123 - learning_rate: 5.0000e-06
Epoch 30/35
306/306 - 38s - 125ms/step - accuracy: 0.9877 - loss: 0.0459 - val_accuracy: 0.9641 - val_loss: 0.1150 - learning_rate: 5.0000e-06
Epoch 31/35
306/306 - 38s - 126ms/step - accuracy: 0.9902 - loss: 0.0377 - val_accuracy: 0.9653 - val_loss: 0.1133 - learning_rate: 5.0000e-06
Epoch 32/35
306/306 - 38s - 126ms/step - accuracy: 0.9904 - loss: 0.0385 - val_accuracy: 0.9641 - val_loss: 0.1128 - learning_rate: 5.0000e-06
Epoch 33/35
306/306 - 39s - 127ms/step - accuracy: 0.9871 - loss: 0.0420 - val_accuracy: 0.9653 - val_loss: 0.1079 - learning_rate: 5.0000e-06
Epoch 34/35
306/306 - 38s - 125ms/step - accuracy: 0.9888 - loss: 0.0419 - val_accuracy: 0.9676 - val_loss: 0.1075 - learning_rate: 5.0000e-06
Epoch 35/35
306/306 - 38s - 126ms/step - accuracy: 0.9904 - loss: 0.0380 - val_accuracy: 0.9618 - val_loss: 0.1113 - learning_rate: 5.0000e-06

Fold 5 [densenet121] results: CNN=0.9792 (11.23 ms/img)  CNN+TTA=0.9847 (37.58 ms/img)  Ensemble=0.9778 (11.72 ms/img)  train_time=1793.6s (stage1=291.4s, stage2=1502.1s)

-- CNN+TTA classification report --
              precision    recall  f1-score   support

      glioma       0.99      0.97      0.98       360
  meningioma       0.96      0.98      0.97       360
     notumor       0.99      0.99      0.99       360
   pituitary       0.99      0.99      0.99       360

    accuracy                           0.98      1440
   macro avg       0.98      0.98      0.98      1440
weighted avg       0.98      0.98      0.98      1440

[[350   9   1   0]
 [  2 354   1   3]
 [  1   2 356   1]
 [  0   2   0 358]]

-- Embedding ensemble classification report --
              precision    recall  f1-score   support

      glioma       0.98      0.96      0.97       360
  meningioma       0.95      0.97      0.96       360
     notumor       0.99      0.99      0.99       360
   pituitary       0.98      0.99      0.99       360

    accuracy                           0.98      1440
   macro avg       0.98      0.98      0.98      1440
weighted avg       0.98      0.98      0.98      1440

[[346  13   0   1]
 [  6 348   2   4]
 [  1   2 356   1]
 [  0   2   0 358]]

======================================================================
FINAL 5-FOLD SUMMARY -- densenet121
======================================================================
CNN (softmax)                           : 97.69% +/- 0.53%   (folds: ['98.47', '97.29', '96.94', '97.85', '97.92'])
CNN + TTA                               : 98.32% +/- 0.22%   (folds: ['98.54', '98.26', '97.92', '98.40', '98.47'])
CNN-embedding ensemble (RF+XGB+SVM)     : 98.00% +/- 0.34%   (folds: ['98.47', '98.26', '97.50', '97.99', '97.78'])

Per-fold rows appended to /kaggle/working/backbone_sweep.jsonl -- download this file and paste/attach its contents for the paper write-up.







Backbone: mobilenetv2
Listing image paths...
Found 7200 images across 4 classes: ['glioma', 'meningioma', 'notumor', 'pituitary']

Loading + preprocessing images...
  processed 1000/7200
  processed 2000/7200
  processed 3000/7200
  processed 4000/7200
  processed 5000/7200
  processed 6000/7200
  processed 7000/7200
  processed 7200/7200

======================================================================
mobilenetv2 -- FOLD 1/5
======================================================================
Train: 4896  Val: 864  Test: 1440
Downloading data from https://storage.googleapis.com/tensorflow/keras-applications/mobilenet_v2/mobilenet_v2_weights_tf_dim_ordering_tf_kernels_1.0_224_no_top.h5
9406464/9406464 ━━━━━━━━━━━━━━━━━━━━ 1s 0us/step
Epoch 1/8
2026-09-25 03:55:44.037524: E external/local_xla/xla/stream_executor/cuda/cuda_timer.cc:86] Delay kernel timed out: measured time has sub-optimal accuracy. There may be a missing warmup execution, please investigate in Nsight Systems.
2026-09-25 03:55:44.173663: E external/local_xla/xla/stream_executor/cuda/cuda_timer.cc:86] Delay kernel timed out: measured time has sub-optimal accuracy. There may be a missing warmup execution, please investigate in Nsight Systems.
2026-09-25 03:55:44.309759: E external/local_xla/xla/stream_executor/cuda/cuda_timer.cc:86] Delay kernel timed out: measured time has sub-optimal accuracy. There may be a missing warmup execution, please investigate in Nsight Systems.
306/306 - 53s - 174ms/step - accuracy: 0.7665 - loss: 0.6696 - val_accuracy: 0.8264 - val_loss: 0.5147
Epoch 2/8
306/306 - 30s - 96ms/step - accuracy: 0.8262 - loss: 0.4724 - val_accuracy: 0.8241 - val_loss: 0.4871
Epoch 3/8
306/306 - 29s - 96ms/step - accuracy: 0.8546 - loss: 0.4098 - val_accuracy: 0.8310 - val_loss: 0.4795
Epoch 4/8
306/306 - 30s - 97ms/step - accuracy: 0.8497 - loss: 0.4016 - val_accuracy: 0.8345 - val_loss: 0.4443
Epoch 5/8
306/306 - 30s - 99ms/step - accuracy: 0.8580 - loss: 0.3718 - val_accuracy: 0.8519 - val_loss: 0.4037
Epoch 6/8
306/306 - 30s - 98ms/step - accuracy: 0.8562 - loss: 0.3649 - val_accuracy: 0.8519 - val_loss: 0.3881
Epoch 7/8
306/306 - 30s - 97ms/step - accuracy: 0.8738 - loss: 0.3367 - val_accuracy: 0.8461 - val_loss: 0.4222
Epoch 8/8
306/306 - 30s - 97ms/step - accuracy: 0.8750 - loss: 0.3401 - val_accuracy: 0.8669 - val_loss: 0.3619
Epoch 1/35
306/306 - 76s - 250ms/step - accuracy: 0.7643 - loss: 0.6480 - val_accuracy: 0.8611 - val_loss: 0.4373 - learning_rate: 1.0000e-05
Epoch 2/35
306/306 - 31s - 101ms/step - accuracy: 0.8252 - loss: 0.4867 - val_accuracy: 0.8692 - val_loss: 0.4382 - learning_rate: 1.0000e-05
Epoch 3/35
306/306 - 31s - 102ms/step - accuracy: 0.8472 - loss: 0.4180 - val_accuracy: 0.8657 - val_loss: 0.4216 - learning_rate: 1.0000e-05
Epoch 4/35
306/306 - 31s - 101ms/step - accuracy: 0.8683 - loss: 0.3477 - val_accuracy: 0.8727 - val_loss: 0.4064 - learning_rate: 1.0000e-05
Epoch 5/35
306/306 - 31s - 101ms/step - accuracy: 0.8805 - loss: 0.3398 - val_accuracy: 0.8808 - val_loss: 0.3561 - learning_rate: 1.0000e-05
Epoch 6/35
306/306 - 30s - 100ms/step - accuracy: 0.8860 - loss: 0.3142 - val_accuracy: 0.8831 - val_loss: 0.3409 - learning_rate: 1.0000e-05
Epoch 7/35
306/306 - 30s - 99ms/step - accuracy: 0.8993 - loss: 0.2733 - val_accuracy: 0.8819 - val_loss: 0.3189 - learning_rate: 1.0000e-05
Epoch 8/35
306/306 - 30s - 100ms/step - accuracy: 0.9087 - loss: 0.2553 - val_accuracy: 0.8831 - val_loss: 0.3175 - learning_rate: 1.0000e-05
Epoch 9/35
306/306 - 30s - 99ms/step - accuracy: 0.9126 - loss: 0.2432 - val_accuracy: 0.8912 - val_loss: 0.2863 - learning_rate: 1.0000e-05
Epoch 10/35
306/306 - 31s - 101ms/step - accuracy: 0.9189 - loss: 0.2180 - val_accuracy: 0.9005 - val_loss: 0.2615 - learning_rate: 1.0000e-05
Epoch 11/35
306/306 - 31s - 101ms/step - accuracy: 0.9193 - loss: 0.2266 - val_accuracy: 0.9120 - val_loss: 0.2354 - learning_rate: 1.0000e-05
Epoch 12/35
306/306 - 31s - 101ms/step - accuracy: 0.9265 - loss: 0.2035 - val_accuracy: 0.9178 - val_loss: 0.2237 - learning_rate: 1.0000e-05
Epoch 13/35
306/306 - 31s - 100ms/step - accuracy: 0.9301 - loss: 0.2004 - val_accuracy: 0.9190 - val_loss: 0.2140 - learning_rate: 1.0000e-05
Epoch 14/35
306/306 - 31s - 101ms/step - accuracy: 0.9449 - loss: 0.1640 - val_accuracy: 0.9213 - val_loss: 0.2024 - learning_rate: 1.0000e-05
Epoch 15/35
306/306 - 30s - 100ms/step - accuracy: 0.9406 - loss: 0.1743 - val_accuracy: 0.9167 - val_loss: 0.2114 - learning_rate: 1.0000e-05
Epoch 16/35
306/306 - 31s - 101ms/step - accuracy: 0.9463 - loss: 0.1545 - val_accuracy: 0.9201 - val_loss: 0.2179 - learning_rate: 1.0000e-05
Epoch 17/35
306/306 - 31s - 102ms/step - accuracy: 0.9528 - loss: 0.1400 - val_accuracy: 0.9201 - val_loss: 0.2203 - learning_rate: 1.0000e-05
Epoch 18/35
306/306 - 31s - 101ms/step - accuracy: 0.9446 - loss: 0.1544 - val_accuracy: 0.9294 - val_loss: 0.2051 - learning_rate: 1.0000e-05
Epoch 19/35
306/306 - 31s - 100ms/step - accuracy: 0.9506 - loss: 0.1424 - val_accuracy: 0.9306 - val_loss: 0.1955 - learning_rate: 5.0000e-06
Epoch 20/35
306/306 - 31s - 101ms/step - accuracy: 0.9553 - loss: 0.1364 - val_accuracy: 0.9259 - val_loss: 0.1924 - learning_rate: 5.0000e-06
Epoch 21/35
306/306 - 31s - 101ms/step - accuracy: 0.9581 - loss: 0.1268 - val_accuracy: 0.9259 - val_loss: 0.1872 - learning_rate: 5.0000e-06
Epoch 22/35
306/306 - 31s - 101ms/step - accuracy: 0.9585 - loss: 0.1300 - val_accuracy: 0.9271 - val_loss: 0.1901 - learning_rate: 5.0000e-06
Epoch 23/35
306/306 - 31s - 101ms/step - accuracy: 0.9555 - loss: 0.1313 - val_accuracy: 0.9317 - val_loss: 0.1822 - learning_rate: 5.0000e-06
Epoch 24/35
306/306 - 31s - 100ms/step - accuracy: 0.9618 - loss: 0.1135 - val_accuracy: 0.9306 - val_loss: 0.1810 - learning_rate: 5.0000e-06
Epoch 25/35
306/306 - 31s - 101ms/step - accuracy: 0.9596 - loss: 0.1154 - val_accuracy: 0.9363 - val_loss: 0.1733 - learning_rate: 5.0000e-06
Epoch 26/35
306/306 - 32s - 103ms/step - accuracy: 0.9628 - loss: 0.1072 - val_accuracy: 0.9340 - val_loss: 0.1742 - learning_rate: 5.0000e-06
Epoch 27/35
306/306 - 31s - 102ms/step - accuracy: 0.9608 - loss: 0.1101 - val_accuracy: 0.9306 - val_loss: 0.1828 - learning_rate: 5.0000e-06
Epoch 28/35
306/306 - 32s - 103ms/step - accuracy: 0.9665 - loss: 0.1028 - val_accuracy: 0.9363 - val_loss: 0.1769 - learning_rate: 5.0000e-06
Epoch 29/35
306/306 - 31s - 102ms/step - accuracy: 0.9651 - loss: 0.1026 - val_accuracy: 0.9306 - val_loss: 0.1765 - learning_rate: 5.0000e-06
Epoch 30/35
306/306 - 32s - 105ms/step - accuracy: 0.9669 - loss: 0.1011 - val_accuracy: 0.9282 - val_loss: 0.1838 - learning_rate: 2.5000e-06
Epoch 31/35
306/306 - 32s - 103ms/step - accuracy: 0.9690 - loss: 0.0976 - val_accuracy: 0.9271 - val_loss: 0.1837 - learning_rate: 2.5000e-06
Epoch 32/35
306/306 - 32s - 106ms/step - accuracy: 0.9673 - loss: 0.0992 - val_accuracy: 0.9271 - val_loss: 0.1830 - learning_rate: 2.5000e-06
Epoch 33/35
306/306 - 33s - 107ms/step - accuracy: 0.9655 - loss: 0.1002 - val_accuracy: 0.9363 - val_loss: 0.1736 - learning_rate: 2.5000e-06
Epoch 34/35
306/306 - 31s - 102ms/step - accuracy: 0.9698 - loss: 0.0959 - val_accuracy: 0.9363 - val_loss: 0.1755 - learning_rate: 1.2500e-06
Epoch 35/35
306/306 - 31s - 101ms/step - accuracy: 0.9645 - loss: 0.1045 - val_accuracy: 0.9375 - val_loss: 0.1721 - learning_rate: 1.2500e-06

Fold 1 [mobilenetv2] results: CNN=0.9368 (4.48 ms/img)  CNN+TTA=0.9778 (23.34 ms/img)  Ensemble=0.9590 (15.84 ms/img)  train_time=1393.4s (stage1=261.5s, stage2=1131.9s)

-- CNN+TTA classification report --
              precision    recall  f1-score   support

      glioma       0.99      0.97      0.98       360
  meningioma       0.97      0.96      0.96       360
     notumor       0.98      0.99      0.99       360
   pituitary       0.98      0.98      0.98       360

    accuracy                           0.98      1440
   macro avg       0.98      0.98      0.98      1440
weighted avg       0.98      0.98      0.98      1440

[[351   7   2   0]
 [  5 346   3   6]
 [  0   0 357   3]
 [  0   5   1 354]]

-- Embedding ensemble classification report --
              precision    recall  f1-score   support

      glioma       0.96      0.95      0.96       360
  meningioma       0.94      0.92      0.93       360
     notumor       0.98      0.99      0.98       360
   pituitary       0.96      0.97      0.97       360

    accuracy                           0.96      1440
   macro avg       0.96      0.96      0.96      1440
weighted avg       0.96      0.96      0.96      1440

[[343  13   4   0]
 [ 12 331   3  14]
 [  0   2 356   2]
 [  1   7   1 351]]

======================================================================
mobilenetv2 -- FOLD 2/5
======================================================================
Train: 4896  Val: 864  Test: 1440
Epoch 1/8
306/306 - 49s - 160ms/step - accuracy: 0.7580 - loss: 0.6790 - val_accuracy: 0.8044 - val_loss: 0.5196
Epoch 2/8
306/306 - 32s - 104ms/step - accuracy: 0.8317 - loss: 0.4723 - val_accuracy: 0.8414 - val_loss: 0.4577
Epoch 3/8
306/306 - 31s - 100ms/step - accuracy: 0.8405 - loss: 0.4295 - val_accuracy: 0.8507 - val_loss: 0.3991
Epoch 4/8
306/306 - 31s - 100ms/step - accuracy: 0.8462 - loss: 0.4173 - val_accuracy: 0.8368 - val_loss: 0.4106
Epoch 5/8
306/306 - 31s - 101ms/step - accuracy: 0.8580 - loss: 0.3780 - val_accuracy: 0.8576 - val_loss: 0.4001
Epoch 6/8
306/306 - 31s - 100ms/step - accuracy: 0.8687 - loss: 0.3489 - val_accuracy: 0.8449 - val_loss: 0.4249
Epoch 7/8
306/306 - 31s - 101ms/step - accuracy: 0.8738 - loss: 0.3415 - val_accuracy: 0.8333 - val_loss: 0.4423
Epoch 8/8
306/306 - 30s - 100ms/step - accuracy: 0.8736 - loss: 0.3402 - val_accuracy: 0.8438 - val_loss: 0.4068
Epoch 1/35
306/306 - 77s - 251ms/step - accuracy: 0.7516 - loss: 0.6867 - val_accuracy: 0.8623 - val_loss: 0.4466 - learning_rate: 1.0000e-05
Epoch 2/35
306/306 - 31s - 102ms/step - accuracy: 0.8172 - loss: 0.5140 - val_accuracy: 0.8646 - val_loss: 0.4075 - learning_rate: 1.0000e-05
Epoch 3/35
306/306 - 32s - 104ms/step - accuracy: 0.8452 - loss: 0.4364 - val_accuracy: 0.8692 - val_loss: 0.3987 - learning_rate: 1.0000e-05
Epoch 4/35
306/306 - 32s - 103ms/step - accuracy: 0.8591 - loss: 0.3742 - val_accuracy: 0.8738 - val_loss: 0.3840 - learning_rate: 1.0000e-05
Epoch 5/35
306/306 - 32s - 103ms/step - accuracy: 0.8758 - loss: 0.3519 - val_accuracy: 0.8854 - val_loss: 0.3474 - learning_rate: 1.0000e-05
Epoch 6/35
306/306 - 31s - 103ms/step - accuracy: 0.8826 - loss: 0.3303 - val_accuracy: 0.8796 - val_loss: 0.3303 - learning_rate: 1.0000e-05
Epoch 7/35
306/306 - 31s - 103ms/step - accuracy: 0.8903 - loss: 0.2887 - val_accuracy: 0.8715 - val_loss: 0.3405 - learning_rate: 1.0000e-05
Epoch 8/35
306/306 - 31s - 103ms/step - accuracy: 0.9024 - loss: 0.2678 - val_accuracy: 0.8738 - val_loss: 0.3311 - learning_rate: 1.0000e-05
Epoch 9/35
306/306 - 31s - 103ms/step - accuracy: 0.9181 - loss: 0.2386 - val_accuracy: 0.8831 - val_loss: 0.3104 - learning_rate: 1.0000e-05
Epoch 10/35
306/306 - 32s - 104ms/step - accuracy: 0.9154 - loss: 0.2373 - val_accuracy: 0.8843 - val_loss: 0.3070 - learning_rate: 1.0000e-05
Epoch 11/35
306/306 - 32s - 103ms/step - accuracy: 0.9195 - loss: 0.2205 - val_accuracy: 0.8854 - val_loss: 0.2888 - learning_rate: 1.0000e-05
Epoch 12/35
306/306 - 31s - 102ms/step - accuracy: 0.9259 - loss: 0.2099 - val_accuracy: 0.8947 - val_loss: 0.2677 - learning_rate: 1.0000e-05
Epoch 13/35
306/306 - 31s - 101ms/step - accuracy: 0.9281 - loss: 0.1922 - val_accuracy: 0.9005 - val_loss: 0.2576 - learning_rate: 1.0000e-05
Epoch 14/35
306/306 - 31s - 101ms/step - accuracy: 0.9353 - loss: 0.1761 - val_accuracy: 0.8993 - val_loss: 0.2483 - learning_rate: 1.0000e-05
Epoch 15/35
306/306 - 31s - 102ms/step - accuracy: 0.9389 - loss: 0.1807 - val_accuracy: 0.9074 - val_loss: 0.2246 - learning_rate: 1.0000e-05
Epoch 16/35
306/306 - 31s - 101ms/step - accuracy: 0.9432 - loss: 0.1622 - val_accuracy: 0.9144 - val_loss: 0.2184 - learning_rate: 1.0000e-05
Epoch 17/35
306/306 - 31s - 101ms/step - accuracy: 0.9512 - loss: 0.1438 - val_accuracy: 0.9190 - val_loss: 0.2167 - learning_rate: 1.0000e-05
Epoch 18/35
306/306 - 31s - 101ms/step - accuracy: 0.9449 - loss: 0.1543 - val_accuracy: 0.9201 - val_loss: 0.2040 - learning_rate: 1.0000e-05
Epoch 19/35
306/306 - 31s - 101ms/step - accuracy: 0.9455 - loss: 0.1485 - val_accuracy: 0.9306 - val_loss: 0.1938 - learning_rate: 1.0000e-05
Epoch 20/35
306/306 - 31s - 102ms/step - accuracy: 0.9540 - loss: 0.1354 - val_accuracy: 0.9363 - val_loss: 0.1854 - learning_rate: 1.0000e-05
Epoch 21/35
306/306 - 31s - 100ms/step - accuracy: 0.9540 - loss: 0.1298 - val_accuracy: 0.9271 - val_loss: 0.1956 - learning_rate: 1.0000e-05
Epoch 22/35
306/306 - 31s - 101ms/step - accuracy: 0.9622 - loss: 0.1160 - val_accuracy: 0.9259 - val_loss: 0.1995 - learning_rate: 1.0000e-05
Epoch 23/35
306/306 - 31s - 100ms/step - accuracy: 0.9547 - loss: 0.1326 - val_accuracy: 0.9317 - val_loss: 0.1849 - learning_rate: 1.0000e-05
Epoch 24/35
306/306 - 31s - 101ms/step - accuracy: 0.9606 - loss: 0.1183 - val_accuracy: 0.9398 - val_loss: 0.1737 - learning_rate: 1.0000e-05
Epoch 25/35
306/306 - 31s - 101ms/step - accuracy: 0.9628 - loss: 0.1049 - val_accuracy: 0.9317 - val_loss: 0.1809 - learning_rate: 1.0000e-05
Epoch 26/35
306/306 - 31s - 100ms/step - accuracy: 0.9667 - loss: 0.0990 - val_accuracy: 0.9421 - val_loss: 0.1672 - learning_rate: 1.0000e-05
Epoch 27/35
306/306 - 31s - 100ms/step - accuracy: 0.9690 - loss: 0.0950 - val_accuracy: 0.9456 - val_loss: 0.1614 - learning_rate: 1.0000e-05
Epoch 28/35
306/306 - 31s - 100ms/step - accuracy: 0.9700 - loss: 0.0847 - val_accuracy: 0.9479 - val_loss: 0.1606 - learning_rate: 1.0000e-05
Epoch 29/35
306/306 - 31s - 101ms/step - accuracy: 0.9741 - loss: 0.0810 - val_accuracy: 0.9387 - val_loss: 0.1656 - learning_rate: 1.0000e-05
Epoch 30/35
306/306 - 31s - 101ms/step - accuracy: 0.9722 - loss: 0.0841 - val_accuracy: 0.9479 - val_loss: 0.1533 - learning_rate: 1.0000e-05
Epoch 31/35
306/306 - 30s - 100ms/step - accuracy: 0.9722 - loss: 0.0900 - val_accuracy: 0.9421 - val_loss: 0.1642 - learning_rate: 1.0000e-05
Epoch 32/35
306/306 - 31s - 100ms/step - accuracy: 0.9753 - loss: 0.0739 - val_accuracy: 0.9433 - val_loss: 0.1587 - learning_rate: 1.0000e-05
Epoch 33/35
306/306 - 31s - 101ms/step - accuracy: 0.9724 - loss: 0.0839 - val_accuracy: 0.9456 - val_loss: 0.1487 - learning_rate: 1.0000e-05
Epoch 34/35
306/306 - 31s - 100ms/step - accuracy: 0.9755 - loss: 0.0765 - val_accuracy: 0.9537 - val_loss: 0.1462 - learning_rate: 1.0000e-05
Epoch 35/35
306/306 - 30s - 100ms/step - accuracy: 0.9712 - loss: 0.0859 - val_accuracy: 0.9502 - val_loss: 0.1440 - learning_rate: 1.0000e-05

Fold 2 [mobilenetv2] results: CNN=0.9563 (4.44 ms/img)  CNN+TTA=0.9847 (23.37 ms/img)  Ensemble=0.9611 (14.36 ms/img)  train_time=1397.3s (stage1=265.0s, stage2=1132.3s)

-- CNN+TTA classification report --
              precision    recall  f1-score   support

      glioma       0.99      0.97      0.98       360
  meningioma       0.98      0.98      0.98       360
     notumor       0.99      0.99      0.99       360
   pituitary       0.98      1.00      0.99       360

    accuracy                           0.98      1440
   macro avg       0.98      0.98      0.98      1440
weighted avg       0.98      0.98      0.98      1440

[[350   6   2   2]
 [  2 352   3   3]
 [  2   0 357   1]
 [  0   1   0 359]]

-- Embedding ensemble classification report --
              precision    recall  f1-score   support

      glioma       0.96      0.94      0.95       360
  meningioma       0.94      0.93      0.93       360
     notumor       0.98      0.98      0.98       360
   pituitary       0.96      0.99      0.98       360

    accuracy                           0.96      1440
   macro avg       0.96      0.96      0.96      1440
weighted avg       0.96      0.96      0.96      1440

[[338  18   2   2]
 [ 13 334   3  10]
 [  2   2 354   2]
 [  0   1   1 358]]

======================================================================
mobilenetv2 -- FOLD 3/5
======================================================================
Train: 4896  Val: 864  Test: 1440
Epoch 1/8
306/306 - 47s - 152ms/step - accuracy: 0.7633 - loss: 0.6970 - val_accuracy: 0.8333 - val_loss: 0.4882
Epoch 2/8
306/306 - 31s - 100ms/step - accuracy: 0.8325 - loss: 0.4647 - val_accuracy: 0.8438 - val_loss: 0.4472
Epoch 3/8
306/306 - 30s - 98ms/step - accuracy: 0.8442 - loss: 0.4176 - val_accuracy: 0.8299 - val_loss: 0.4827
Epoch 4/8
306/306 - 30s - 99ms/step - accuracy: 0.8525 - loss: 0.3916 - val_accuracy: 0.8264 - val_loss: 0.5039
Epoch 5/8
306/306 - 30s - 98ms/step - accuracy: 0.8572 - loss: 0.3854 - val_accuracy: 0.8322 - val_loss: 0.4988
Epoch 6/8
306/306 - 30s - 99ms/step - accuracy: 0.8632 - loss: 0.3586 - val_accuracy: 0.8148 - val_loss: 0.5725
Epoch 7/8
306/306 - 30s - 98ms/step - accuracy: 0.8742 - loss: 0.3370 - val_accuracy: 0.8403 - val_loss: 0.4713
Epoch 8/8
306/306 - 30s - 98ms/step - accuracy: 0.8709 - loss: 0.3435 - val_accuracy: 0.8449 - val_loss: 0.4784
Epoch 1/35
306/306 - 74s - 243ms/step - accuracy: 0.7602 - loss: 0.6585 - val_accuracy: 0.8519 - val_loss: 0.4853 - learning_rate: 1.0000e-05
Epoch 2/35
306/306 - 31s - 101ms/step - accuracy: 0.8213 - loss: 0.4886 - val_accuracy: 0.8507 - val_loss: 0.4763 - learning_rate: 1.0000e-05
Epoch 3/35
306/306 - 31s - 101ms/step - accuracy: 0.8525 - loss: 0.4063 - val_accuracy: 0.8611 - val_loss: 0.4807 - learning_rate: 1.0000e-05
Epoch 4/35
306/306 - 31s - 101ms/step - accuracy: 0.8693 - loss: 0.3637 - val_accuracy: 0.8646 - val_loss: 0.4538 - learning_rate: 1.0000e-05
Epoch 5/35
306/306 - 30s - 100ms/step - accuracy: 0.8744 - loss: 0.3391 - val_accuracy: 0.8727 - val_loss: 0.3906 - learning_rate: 1.0000e-05
Epoch 6/35
306/306 - 30s - 100ms/step - accuracy: 0.8889 - loss: 0.3111 - val_accuracy: 0.8854 - val_loss: 0.3351 - learning_rate: 1.0000e-05
Epoch 7/35
306/306 - 31s - 102ms/step - accuracy: 0.8932 - loss: 0.2910 - val_accuracy: 0.8935 - val_loss: 0.3061 - learning_rate: 1.0000e-05
Epoch 8/35
306/306 - 32s - 103ms/step - accuracy: 0.9011 - loss: 0.2631 - val_accuracy: 0.8970 - val_loss: 0.2900 - learning_rate: 1.0000e-05
Epoch 9/35
306/306 - 31s - 101ms/step - accuracy: 0.9150 - loss: 0.2302 - val_accuracy: 0.9074 - val_loss: 0.2606 - learning_rate: 1.0000e-05
Epoch 10/35
306/306 - 31s - 101ms/step - accuracy: 0.9189 - loss: 0.2277 - val_accuracy: 0.9074 - val_loss: 0.2455 - learning_rate: 1.0000e-05
Epoch 11/35
306/306 - 31s - 101ms/step - accuracy: 0.9193 - loss: 0.2211 - val_accuracy: 0.9086 - val_loss: 0.2353 - learning_rate: 1.0000e-05
Epoch 12/35
306/306 - 31s - 102ms/step - accuracy: 0.9291 - loss: 0.2073 - val_accuracy: 0.9132 - val_loss: 0.2202 - learning_rate: 1.0000e-05
Epoch 13/35
306/306 - 31s - 102ms/step - accuracy: 0.9346 - loss: 0.1895 - val_accuracy: 0.9190 - val_loss: 0.2047 - learning_rate: 1.0000e-05
Epoch 14/35
306/306 - 31s - 101ms/step - accuracy: 0.9418 - loss: 0.1735 - val_accuracy: 0.9178 - val_loss: 0.1963 - learning_rate: 1.0000e-05
Epoch 15/35
306/306 - 32s - 104ms/step - accuracy: 0.9387 - loss: 0.1743 - val_accuracy: 0.9225 - val_loss: 0.1914 - learning_rate: 1.0000e-05
Epoch 16/35
306/306 - 32s - 104ms/step - accuracy: 0.9487 - loss: 0.1543 - val_accuracy: 0.9201 - val_loss: 0.1883 - learning_rate: 1.0000e-05
Epoch 17/35
306/306 - 32s - 104ms/step - accuracy: 0.9530 - loss: 0.1387 - val_accuracy: 0.9271 - val_loss: 0.1824 - learning_rate: 1.0000e-05
Epoch 18/35
306/306 - 32s - 105ms/step - accuracy: 0.9567 - loss: 0.1382 - val_accuracy: 0.9271 - val_loss: 0.1819 - learning_rate: 1.0000e-05
Epoch 19/35
306/306 - 32s - 103ms/step - accuracy: 0.9498 - loss: 0.1456 - val_accuracy: 0.9317 - val_loss: 0.1815 - learning_rate: 1.0000e-05
Epoch 20/35
306/306 - 31s - 102ms/step - accuracy: 0.9563 - loss: 0.1237 - val_accuracy: 0.9306 - val_loss: 0.1795 - learning_rate: 1.0000e-05
Epoch 21/35
306/306 - 32s - 105ms/step - accuracy: 0.9569 - loss: 0.1270 - val_accuracy: 0.9340 - val_loss: 0.1698 - learning_rate: 1.0000e-05
Epoch 22/35
306/306 - 32s - 103ms/step - accuracy: 0.9577 - loss: 0.1254 - val_accuracy: 0.9329 - val_loss: 0.1666 - learning_rate: 1.0000e-05
Epoch 23/35
306/306 - 32s - 103ms/step - accuracy: 0.9618 - loss: 0.1131 - val_accuracy: 0.9375 - val_loss: 0.1557 - learning_rate: 1.0000e-05
Epoch 24/35
306/306 - 31s - 103ms/step - accuracy: 0.9634 - loss: 0.1057 - val_accuracy: 0.9375 - val_loss: 0.1528 - learning_rate: 1.0000e-05
Epoch 25/35
306/306 - 31s - 102ms/step - accuracy: 0.9638 - loss: 0.1048 - val_accuracy: 0.9433 - val_loss: 0.1524 - learning_rate: 1.0000e-05
Epoch 26/35
306/306 - 31s - 102ms/step - accuracy: 0.9675 - loss: 0.0954 - val_accuracy: 0.9468 - val_loss: 0.1528 - learning_rate: 1.0000e-05
Epoch 27/35
306/306 - 31s - 102ms/step - accuracy: 0.9681 - loss: 0.0934 - val_accuracy: 0.9456 - val_loss: 0.1516 - learning_rate: 1.0000e-05
Epoch 28/35
306/306 - 32s - 104ms/step - accuracy: 0.9685 - loss: 0.0944 - val_accuracy: 0.9502 - val_loss: 0.1422 - learning_rate: 1.0000e-05
Epoch 29/35
306/306 - 31s - 102ms/step - accuracy: 0.9730 - loss: 0.0809 - val_accuracy: 0.9525 - val_loss: 0.1417 - learning_rate: 1.0000e-05
Epoch 30/35
306/306 - 31s - 103ms/step - accuracy: 0.9759 - loss: 0.0780 - val_accuracy: 0.9549 - val_loss: 0.1416 - learning_rate: 1.0000e-05
Epoch 31/35
306/306 - 31s - 102ms/step - accuracy: 0.9757 - loss: 0.0755 - val_accuracy: 0.9502 - val_loss: 0.1398 - learning_rate: 1.0000e-05
Epoch 32/35
306/306 - 31s - 103ms/step - accuracy: 0.9775 - loss: 0.0760 - val_accuracy: 0.9549 - val_loss: 0.1277 - learning_rate: 1.0000e-05
Epoch 33/35
306/306 - 32s - 104ms/step - accuracy: 0.9714 - loss: 0.0846 - val_accuracy: 0.9502 - val_loss: 0.1253 - learning_rate: 1.0000e-05
Epoch 34/35
306/306 - 31s - 102ms/step - accuracy: 0.9777 - loss: 0.0700 - val_accuracy: 0.9572 - val_loss: 0.1268 - learning_rate: 1.0000e-05
Epoch 35/35
306/306 - 31s - 101ms/step - accuracy: 0.9763 - loss: 0.0741 - val_accuracy: 0.9595 - val_loss: 0.1189 - learning_rate: 1.0000e-05

Fold 3 [mobilenetv2] results: CNN=0.9549 (4.44 ms/img)  CNN+TTA=0.9750 (23.45 ms/img)  Ensemble=0.9646 (13.83 ms/img)  train_time=1396.6s (stage1=257.7s, stage2=1139.0s)

-- CNN+TTA classification report --
              precision    recall  f1-score   support

      glioma       0.99      0.95      0.97       360
  meningioma       0.95      0.97      0.96       360
     notumor       0.99      0.98      0.98       360
   pituitary       0.98      1.00      0.99       360

    accuracy                           0.97      1440
   macro avg       0.98      0.97      0.97      1440
weighted avg       0.98      0.97      0.97      1440

[[341  16   3   0]
 [  2 351   2   5]
 [  1   3 353   3]
 [  1   0   0 359]]

-- Embedding ensemble classification report --
              precision    recall  f1-score   support

      glioma       0.95      0.94      0.95       360
  meningioma       0.94      0.95      0.94       360
     notumor       0.99      0.98      0.99       360
   pituitary       0.97      0.99      0.98       360

    accuracy                           0.96      1440
   macro avg       0.96      0.96      0.96      1440
weighted avg       0.96      0.96      0.96      1440

[[339  18   2   1]
 [ 11 342   0   7]
 [  3   3 352   2]
 [  2   2   0 356]]

======================================================================
mobilenetv2 -- FOLD 4/5
======================================================================
Train: 4896  Val: 864  Test: 1440
Epoch 1/8
306/306 - 46s - 152ms/step - accuracy: 0.7667 - loss: 0.6766 - val_accuracy: 0.8056 - val_loss: 0.5324
Epoch 2/8
306/306 - 31s - 100ms/step - accuracy: 0.8311 - loss: 0.4602 - val_accuracy: 0.8113 - val_loss: 0.4794
Epoch 3/8
306/306 - 31s - 100ms/step - accuracy: 0.8433 - loss: 0.4184 - val_accuracy: 0.8519 - val_loss: 0.3885
Epoch 4/8
306/306 - 30s - 100ms/step - accuracy: 0.8536 - loss: 0.3993 - val_accuracy: 0.8160 - val_loss: 0.5092
Epoch 5/8
306/306 - 30s - 99ms/step - accuracy: 0.8674 - loss: 0.3636 - val_accuracy: 0.8380 - val_loss: 0.4256
Epoch 6/8
306/306 - 31s - 100ms/step - accuracy: 0.8699 - loss: 0.3538 - val_accuracy: 0.8310 - val_loss: 0.4223
Epoch 7/8
306/306 - 31s - 100ms/step - accuracy: 0.8732 - loss: 0.3395 - val_accuracy: 0.8472 - val_loss: 0.4077
Epoch 8/8
306/306 - 31s - 100ms/step - accuracy: 0.8762 - loss: 0.3343 - val_accuracy: 0.8484 - val_loss: 0.3879
Epoch 1/35
306/306 - 77s - 251ms/step - accuracy: 0.7555 - loss: 0.6685 - val_accuracy: 0.8553 - val_loss: 0.4264 - learning_rate: 1.0000e-05
Epoch 2/35
306/306 - 32s - 104ms/step - accuracy: 0.8213 - loss: 0.4776 - val_accuracy: 0.8704 - val_loss: 0.4057 - learning_rate: 1.0000e-05
Epoch 3/35
306/306 - 32s - 104ms/step - accuracy: 0.8440 - loss: 0.4342 - val_accuracy: 0.8692 - val_loss: 0.3933 - learning_rate: 1.0000e-05
Epoch 4/35
306/306 - 32s - 103ms/step - accuracy: 0.8646 - loss: 0.3763 - val_accuracy: 0.8785 - val_loss: 0.3514 - learning_rate: 1.0000e-05
Epoch 5/35
306/306 - 32s - 104ms/step - accuracy: 0.8826 - loss: 0.3373 - val_accuracy: 0.8843 - val_loss: 0.3221 - learning_rate: 1.0000e-05
Epoch 6/35
306/306 - 32s - 103ms/step - accuracy: 0.8862 - loss: 0.3182 - val_accuracy: 0.8854 - val_loss: 0.3319 - learning_rate: 1.0000e-05
Epoch 7/35
306/306 - 32s - 103ms/step - accuracy: 0.8932 - loss: 0.2854 - val_accuracy: 0.8947 - val_loss: 0.2964 - learning_rate: 1.0000e-05
Epoch 8/35
306/306 - 32s - 104ms/step - accuracy: 0.9085 - loss: 0.2632 - val_accuracy: 0.8993 - val_loss: 0.2668 - learning_rate: 1.0000e-05
Epoch 9/35
306/306 - 31s - 103ms/step - accuracy: 0.9130 - loss: 0.2430 - val_accuracy: 0.9051 - val_loss: 0.2667 - learning_rate: 1.0000e-05
Epoch 10/35
306/306 - 31s - 102ms/step - accuracy: 0.9150 - loss: 0.2365 - val_accuracy: 0.9132 - val_loss: 0.2523 - learning_rate: 1.0000e-05
Epoch 11/35
306/306 - 31s - 103ms/step - accuracy: 0.9220 - loss: 0.2198 - val_accuracy: 0.9028 - val_loss: 0.2531 - learning_rate: 1.0000e-05
Epoch 12/35
306/306 - 33s - 108ms/step - accuracy: 0.9287 - loss: 0.1940 - val_accuracy: 0.9086 - val_loss: 0.2373 - learning_rate: 1.0000e-05
Epoch 13/35
306/306 - 32s - 106ms/step - accuracy: 0.9338 - loss: 0.1911 - val_accuracy: 0.9109 - val_loss: 0.2319 - learning_rate: 1.0000e-05
Epoch 14/35
306/306 - 32s - 103ms/step - accuracy: 0.9420 - loss: 0.1649 - val_accuracy: 0.9109 - val_loss: 0.2306 - learning_rate: 1.0000e-05
Epoch 15/35
306/306 - 33s - 107ms/step - accuracy: 0.9385 - loss: 0.1712 - val_accuracy: 0.9236 - val_loss: 0.2217 - learning_rate: 1.0000e-05
Epoch 16/35
306/306 - 33s - 108ms/step - accuracy: 0.9430 - loss: 0.1626 - val_accuracy: 0.9178 - val_loss: 0.2209 - learning_rate: 1.0000e-05
Epoch 17/35
306/306 - 32s - 104ms/step - accuracy: 0.9467 - loss: 0.1533 - val_accuracy: 0.9271 - val_loss: 0.2057 - learning_rate: 1.0000e-05
Epoch 18/35
306/306 - 32s - 104ms/step - accuracy: 0.9534 - loss: 0.1363 - val_accuracy: 0.9387 - val_loss: 0.1962 - learning_rate: 1.0000e-05
Epoch 19/35
306/306 - 32s - 104ms/step - accuracy: 0.9504 - loss: 0.1476 - val_accuracy: 0.9340 - val_loss: 0.1984 - learning_rate: 1.0000e-05
Epoch 20/35
306/306 - 32s - 104ms/step - accuracy: 0.9602 - loss: 0.1241 - val_accuracy: 0.9375 - val_loss: 0.1874 - learning_rate: 1.0000e-05
Epoch 21/35
306/306 - 31s - 103ms/step - accuracy: 0.9567 - loss: 0.1164 - val_accuracy: 0.9352 - val_loss: 0.1944 - learning_rate: 1.0000e-05
Epoch 22/35
306/306 - 32s - 103ms/step - accuracy: 0.9547 - loss: 0.1220 - val_accuracy: 0.9329 - val_loss: 0.1824 - learning_rate: 1.0000e-05
Epoch 23/35
306/306 - 32s - 104ms/step - accuracy: 0.9587 - loss: 0.1246 - val_accuracy: 0.9398 - val_loss: 0.1848 - learning_rate: 1.0000e-05
Epoch 24/35
306/306 - 32s - 104ms/step - accuracy: 0.9626 - loss: 0.1080 - val_accuracy: 0.9363 - val_loss: 0.1840 - learning_rate: 1.0000e-05
Epoch 25/35
306/306 - 32s - 104ms/step - accuracy: 0.9638 - loss: 0.1030 - val_accuracy: 0.9456 - val_loss: 0.1771 - learning_rate: 1.0000e-05
Epoch 26/35
306/306 - 32s - 103ms/step - accuracy: 0.9710 - loss: 0.0911 - val_accuracy: 0.9491 - val_loss: 0.1679 - learning_rate: 1.0000e-05
Epoch 27/35
306/306 - 32s - 103ms/step - accuracy: 0.9679 - loss: 0.0955 - val_accuracy: 0.9583 - val_loss: 0.1586 - learning_rate: 1.0000e-05
Epoch 28/35
306/306 - 32s - 104ms/step - accuracy: 0.9685 - loss: 0.0912 - val_accuracy: 0.9560 - val_loss: 0.1512 - learning_rate: 1.0000e-05
Epoch 29/35
306/306 - 32s - 103ms/step - accuracy: 0.9710 - loss: 0.0826 - val_accuracy: 0.9549 - val_loss: 0.1538 - learning_rate: 1.0000e-05
Epoch 30/35
306/306 - 32s - 104ms/step - accuracy: 0.9753 - loss: 0.0822 - val_accuracy: 0.9479 - val_loss: 0.1562 - learning_rate: 1.0000e-05
Epoch 31/35
306/306 - 32s - 103ms/step - accuracy: 0.9728 - loss: 0.0784 - val_accuracy: 0.9468 - val_loss: 0.1557 - learning_rate: 1.0000e-05
Epoch 32/35
306/306 - 32s - 103ms/step - accuracy: 0.9767 - loss: 0.0735 - val_accuracy: 0.9525 - val_loss: 0.1543 - learning_rate: 1.0000e-05
Epoch 33/35
306/306 - 32s - 104ms/step - accuracy: 0.9743 - loss: 0.0797 - val_accuracy: 0.9572 - val_loss: 0.1489 - learning_rate: 5.0000e-06
Epoch 34/35
306/306 - 32s - 105ms/step - accuracy: 0.9783 - loss: 0.0687 - val_accuracy: 0.9583 - val_loss: 0.1421 - learning_rate: 5.0000e-06
Epoch 35/35
306/306 - 31s - 103ms/step - accuracy: 0.9767 - loss: 0.0757 - val_accuracy: 0.9583 - val_loss: 0.1397 - learning_rate: 5.0000e-06

Fold 4 [mobilenetv2] results: CNN=0.9493 (4.55 ms/img)  CNN+TTA=0.9806 (23.84 ms/img)  Ensemble=0.9625 (14.92 ms/img)  train_time=1418.0s (stage1=260.6s, stage2=1157.4s)

-- CNN+TTA classification report --
              precision    recall  f1-score   support

      glioma       0.98      0.97      0.97       360
  meningioma       0.96      0.99      0.98       360
     notumor       0.99      0.99      0.99       360
   pituitary       0.99      0.98      0.98       360

    accuracy                           0.98      1440
   macro avg       0.98      0.98      0.98      1440
weighted avg       0.98      0.98      0.98      1440

[[349   7   3   1]
 [  4 355   0   1]
 [  2   1 356   1]
 [  2   5   1 352]]

-- Embedding ensemble classification report --
              precision    recall  f1-score   support

      glioma       0.96      0.94      0.95       360
  meningioma       0.93      0.96      0.94       360
     notumor       0.99      0.99      0.99       360
   pituitary       0.97      0.96      0.97       360

    accuracy                           0.96      1440
   macro avg       0.96      0.96      0.96      1440
weighted avg       0.96      0.96      0.96      1440

[[340  15   3   2]
 [ 11 344   0   5]
 [  2   1 355   2]
 [  2  11   0 347]]

======================================================================
mobilenetv2 -- FOLD 5/5
======================================================================
Train: 4896  Val: 864  Test: 1440
Epoch 1/8
306/306 - 46s - 151ms/step - accuracy: 0.7655 - loss: 0.6805 - val_accuracy: 0.7905 - val_loss: 0.6252
Epoch 2/8
306/306 - 31s - 100ms/step - accuracy: 0.8290 - loss: 0.4588 - val_accuracy: 0.8021 - val_loss: 0.6010
Epoch 3/8
306/306 - 31s - 101ms/step - accuracy: 0.8478 - loss: 0.4053 - val_accuracy: 0.8229 - val_loss: 0.5121
Epoch 4/8
306/306 - 31s - 101ms/step - accuracy: 0.8499 - loss: 0.3946 - val_accuracy: 0.8148 - val_loss: 0.5323
Epoch 5/8
306/306 - 31s - 100ms/step - accuracy: 0.8660 - loss: 0.3655 - val_accuracy: 0.8194 - val_loss: 0.5500
Epoch 6/8
306/306 - 31s - 100ms/step - accuracy: 0.8656 - loss: 0.3567 - val_accuracy: 0.8368 - val_loss: 0.5262
Epoch 7/8
306/306 - 31s - 100ms/step - accuracy: 0.8740 - loss: 0.3438 - val_accuracy: 0.8438 - val_loss: 0.4870
Epoch 8/8
306/306 - 30s - 99ms/step - accuracy: 0.8815 - loss: 0.3174 - val_accuracy: 0.8611 - val_loss: 0.4071
Epoch 1/35
306/306 - 75s - 247ms/step - accuracy: 0.7559 - loss: 0.6648 - val_accuracy: 0.8576 - val_loss: 0.5480 - learning_rate: 1.0000e-05
Epoch 2/35
306/306 - 31s - 102ms/step - accuracy: 0.8203 - loss: 0.4993 - val_accuracy: 0.8704 - val_loss: 0.4967 - learning_rate: 1.0000e-05
Epoch 3/35
306/306 - 31s - 102ms/step - accuracy: 0.8487 - loss: 0.4318 - val_accuracy: 0.8796 - val_loss: 0.4805 - learning_rate: 1.0000e-05
Epoch 4/35
306/306 - 31s - 102ms/step - accuracy: 0.8699 - loss: 0.3616 - val_accuracy: 0.8808 - val_loss: 0.4268 - learning_rate: 1.0000e-05
Epoch 5/35
306/306 - 31s - 103ms/step - accuracy: 0.8691 - loss: 0.3479 - val_accuracy: 0.8900 - val_loss: 0.3819 - learning_rate: 1.0000e-05
Epoch 6/35
306/306 - 31s - 102ms/step - accuracy: 0.8817 - loss: 0.3119 - val_accuracy: 0.8877 - val_loss: 0.3572 - learning_rate: 1.0000e-05
Epoch 7/35
306/306 - 31s - 103ms/step - accuracy: 0.8901 - loss: 0.2982 - val_accuracy: 0.8924 - val_loss: 0.3313 - learning_rate: 1.0000e-05
Epoch 8/35
306/306 - 32s - 103ms/step - accuracy: 0.9062 - loss: 0.2587 - val_accuracy: 0.8970 - val_loss: 0.3215 - learning_rate: 1.0000e-05
Epoch 9/35
306/306 - 32s - 103ms/step - accuracy: 0.9208 - loss: 0.2190 - val_accuracy: 0.9005 - val_loss: 0.2969 - learning_rate: 1.0000e-05
Epoch 10/35
306/306 - 32s - 104ms/step - accuracy: 0.9189 - loss: 0.2224 - val_accuracy: 0.9028 - val_loss: 0.2826 - learning_rate: 1.0000e-05
Epoch 11/35
306/306 - 32s - 103ms/step - accuracy: 0.9277 - loss: 0.2092 - val_accuracy: 0.9051 - val_loss: 0.2687 - learning_rate: 1.0000e-05
Epoch 12/35
306/306 - 32s - 105ms/step - accuracy: 0.9265 - loss: 0.1977 - val_accuracy: 0.9062 - val_loss: 0.2659 - learning_rate: 1.0000e-05
Epoch 13/35
306/306 - 31s - 102ms/step - accuracy: 0.9346 - loss: 0.1869 - val_accuracy: 0.9062 - val_loss: 0.2589 - learning_rate: 1.0000e-05
Epoch 14/35
306/306 - 31s - 102ms/step - accuracy: 0.9428 - loss: 0.1640 - val_accuracy: 0.9120 - val_loss: 0.2337 - learning_rate: 1.0000e-05
Epoch 15/35
306/306 - 31s - 102ms/step - accuracy: 0.9381 - loss: 0.1734 - val_accuracy: 0.9167 - val_loss: 0.2285 - learning_rate: 1.0000e-05
Epoch 16/35
306/306 - 32s - 103ms/step - accuracy: 0.9473 - loss: 0.1505 - val_accuracy: 0.9144 - val_loss: 0.2273 - learning_rate: 1.0000e-05
Epoch 17/35
306/306 - 32s - 103ms/step - accuracy: 0.9504 - loss: 0.1449 - val_accuracy: 0.9167 - val_loss: 0.2240 - learning_rate: 1.0000e-05
Epoch 18/35
306/306 - 31s - 103ms/step - accuracy: 0.9459 - loss: 0.1537 - val_accuracy: 0.9236 - val_loss: 0.2068 - learning_rate: 1.0000e-05
Epoch 19/35
306/306 - 32s - 105ms/step - accuracy: 0.9498 - loss: 0.1451 - val_accuracy: 0.9236 - val_loss: 0.2094 - learning_rate: 1.0000e-05
Epoch 20/35
306/306 - 32s - 104ms/step - accuracy: 0.9557 - loss: 0.1289 - val_accuracy: 0.9282 - val_loss: 0.1982 - learning_rate: 1.0000e-05
Epoch 21/35
306/306 - 31s - 102ms/step - accuracy: 0.9592 - loss: 0.1271 - val_accuracy: 0.9352 - val_loss: 0.1957 - learning_rate: 1.0000e-05
Epoch 22/35
306/306 - 31s - 101ms/step - accuracy: 0.9585 - loss: 0.1244 - val_accuracy: 0.9329 - val_loss: 0.1876 - learning_rate: 1.0000e-05
Epoch 23/35
306/306 - 31s - 102ms/step - accuracy: 0.9596 - loss: 0.1129 - val_accuracy: 0.9421 - val_loss: 0.1819 - learning_rate: 1.0000e-05
Epoch 24/35
306/306 - 31s - 102ms/step - accuracy: 0.9632 - loss: 0.1080 - val_accuracy: 0.9387 - val_loss: 0.1780 - learning_rate: 1.0000e-05
Epoch 25/35
306/306 - 31s - 102ms/step - accuracy: 0.9675 - loss: 0.1016 - val_accuracy: 0.9421 - val_loss: 0.1789 - learning_rate: 1.0000e-05
Epoch 26/35
306/306 - 32s - 103ms/step - accuracy: 0.9700 - loss: 0.0928 - val_accuracy: 0.9468 - val_loss: 0.1734 - learning_rate: 1.0000e-05
Epoch 27/35
306/306 - 31s - 103ms/step - accuracy: 0.9688 - loss: 0.0916 - val_accuracy: 0.9444 - val_loss: 0.1668 - learning_rate: 1.0000e-05
Epoch 28/35
306/306 - 31s - 103ms/step - accuracy: 0.9710 - loss: 0.0897 - val_accuracy: 0.9456 - val_loss: 0.1708 - learning_rate: 1.0000e-05
Epoch 29/35
306/306 - 32s - 104ms/step - accuracy: 0.9728 - loss: 0.0804 - val_accuracy: 0.9387 - val_loss: 0.1744 - learning_rate: 1.0000e-05
Epoch 30/35
306/306 - 32s - 104ms/step - accuracy: 0.9716 - loss: 0.0855 - val_accuracy: 0.9468 - val_loss: 0.1677 - learning_rate: 1.0000e-05
Epoch 31/35
306/306 - 32s - 104ms/step - accuracy: 0.9722 - loss: 0.0803 - val_accuracy: 0.9444 - val_loss: 0.1613 - learning_rate: 1.0000e-05
Epoch 32/35
306/306 - 32s - 103ms/step - accuracy: 0.9704 - loss: 0.0796 - val_accuracy: 0.9491 - val_loss: 0.1524 - learning_rate: 1.0000e-05
Epoch 33/35
306/306 - 32s - 104ms/step - accuracy: 0.9728 - loss: 0.0823 - val_accuracy: 0.9502 - val_loss: 0.1502 - learning_rate: 1.0000e-05
Epoch 34/35
306/306 - 32s - 104ms/step - accuracy: 0.9786 - loss: 0.0711 - val_accuracy: 0.9514 - val_loss: 0.1505 - learning_rate: 1.0000e-05
Epoch 35/35
306/306 - 32s - 104ms/step - accuracy: 0.9737 - loss: 0.0762 - val_accuracy: 0.9502 - val_loss: 0.1471 - learning_rate: 1.0000e-05

Fold 5 [mobilenetv2] results: CNN=0.9549 (4.58 ms/img)  CNN+TTA=0.9799 (23.45 ms/img)  Ensemble=0.9653 (14.40 ms/img)  train_time=1408.1s (stage1=260.8s, stage2=1147.3s)

-- CNN+TTA classification report --
              precision    recall  f1-score   support

      glioma       0.98      0.96      0.97       360
  meningioma       0.95      0.98      0.96       360
     notumor       1.00      0.99      0.99       360
   pituitary       1.00      0.99      0.99       360

    accuracy                           0.98      1440
   macro avg       0.98      0.98      0.98      1440
weighted avg       0.98      0.98      0.98      1440

[[346  14   0   0]
 [  6 352   1   1]
 [  1   2 357   0]
 [  0   4   0 356]]

-- Embedding ensemble classification report --
              precision    recall  f1-score   support

      glioma       0.95      0.94      0.94       360
  meningioma       0.93      0.95      0.94       360
     notumor       0.99      0.99      0.99       360
   pituitary       0.99      0.98      0.98       360

    accuracy                           0.97      1440
   macro avg       0.97      0.97      0.97      1440
weighted avg       0.97      0.97      0.97      1440

[[337  20   2   1]
 [ 12 343   1   4]
 [  2   1 357   0]
 [  3   3   1 353]]

======================================================================
FINAL 5-FOLD SUMMARY -- mobilenetv2
======================================================================
CNN (softmax)                           : 95.04% +/- 0.72%   (folds: ['93.68', '95.62', '95.49', '94.93', '95.49'])
CNN + TTA                               : 97.96% +/- 0.32%   (folds: ['97.78', '98.47', '97.50', '98.06', '97.99'])
CNN-embedding ensemble (RF+XGB+SVM)     : 96.25% +/- 0.23%   (folds: ['95.90', '96.11', '96.46', '96.25', '96.53'])

Per-fold rows appended to /kaggle/working/backbone_sweep.jsonl -- download this file and paste/attach its contents for the paper write-up.











Backbone: efficientnetb0
Listing image paths...
Found 7200 images across 4 classes: ['glioma', 'meningioma', 'notumor', 'pituitary']

Loading + preprocessing images...
WARNING: All log messages before absl::InitializeLog() is called are written to STDERR
I0000 00:00:1790412446.165176      59 gpu_device.cc:2020] Created device /job:localhost/replica:0/task:0/device:GPU:0 with 13756 MB memory:  -> device: 0, name: Tesla T4, pci bus id: 0000:00:04.0, compute capability: 7.5
I0000 00:00:1790412446.168593      59 gpu_device.cc:2020] Created device /job:localhost/replica:0/task:0/device:GPU:1 with 13756 MB memory:  -> device: 1, name: Tesla T4, pci bus id: 0000:00:05.0, compute capability: 7.5
  processed 1000/7200
  processed 2000/7200
  processed 3000/7200
  processed 4000/7200
  processed 5000/7200
  processed 6000/7200
  processed 7000/7200
  processed 7200/7200

======================================================================
efficientnetb0 -- FOLD 1/5
======================================================================
Train: 4896  Val: 864  Test: 1440
Downloading data from https://storage.googleapis.com/keras-applications/efficientnetb0_notop.h5
16705208/16705208 ━━━━━━━━━━━━━━━━━━━━ 0s 0us/step
Epoch 1/8
2026-09-26 08:50:02.313027: E external/local_xla/xla/stream_executor/cuda/cuda_timer.cc:86] Delay kernel timed out: measured time has sub-optimal accuracy. There may be a missing warmup execution, please investigate in Nsight Systems.
2026-09-26 08:50:02.453948: E external/local_xla/xla/stream_executor/cuda/cuda_timer.cc:86] Delay kernel timed out: measured time has sub-optimal accuracy. There may be a missing warmup execution, please investigate in Nsight Systems.
2026-09-26 08:50:02.792301: E external/local_xla/xla/stream_executor/cuda/cuda_timer.cc:86] Delay kernel timed out: measured time has sub-optimal accuracy. There may be a missing warmup execution, please investigate in Nsight Systems.
2026-09-26 08:50:02.937162: E external/local_xla/xla/stream_executor/cuda/cuda_timer.cc:86] Delay kernel timed out: measured time has sub-optimal accuracy. There may be a missing warmup execution, please investigate in Nsight Systems.
2026-09-26 08:50:03.824841: E external/local_xla/xla/stream_executor/cuda/cuda_timer.cc:86] Delay kernel timed out: measured time has sub-optimal accuracy. There may be a missing warmup execution, please investigate in Nsight Systems.
2026-09-26 08:50:03.968714: E external/local_xla/xla/stream_executor/cuda/cuda_timer.cc:86] Delay kernel timed out: measured time has sub-optimal accuracy. There may be a missing warmup execution, please investigate in Nsight Systems.
2026-09-26 08:50:04.112992: E external/local_xla/xla/stream_executor/cuda/cuda_timer.cc:86] Delay kernel timed out: measured time has sub-optimal accuracy. There may be a missing warmup execution, please investigate in Nsight Systems.
I0000 00:00:1790412612.883194     128 device_compiler.h:196] Compiled cluster using XLA!  This line is logged at most once for the lifetime of the process.
306/306 - 76s - 249ms/step - accuracy: 0.7435 - loss: 0.7234 - val_accuracy: 0.7512 - val_loss: 0.6536
Epoch 2/8
306/306 - 35s - 113ms/step - accuracy: 0.8117 - loss: 0.5046 - val_accuracy: 0.8171 - val_loss: 0.5112
Epoch 3/8
306/306 - 35s - 115ms/step - accuracy: 0.8290 - loss: 0.4527 - val_accuracy: 0.8380 - val_loss: 0.4349
Epoch 4/8
306/306 - 34s - 112ms/step - accuracy: 0.8319 - loss: 0.4404 - val_accuracy: 0.8137 - val_loss: 0.4912
Epoch 5/8
306/306 - 35s - 113ms/step - accuracy: 0.8468 - loss: 0.3984 - val_accuracy: 0.7963 - val_loss: 0.5183
Epoch 6/8
306/306 - 35s - 113ms/step - accuracy: 0.8480 - loss: 0.4041 - val_accuracy: 0.7951 - val_loss: 0.5626
Epoch 7/8
306/306 - 35s - 113ms/step - accuracy: 0.8558 - loss: 0.3915 - val_accuracy: 0.8194 - val_loss: 0.4875
Epoch 8/8
306/306 - 34s - 112ms/step - accuracy: 0.8623 - loss: 0.3623 - val_accuracy: 0.8322 - val_loss: 0.4422
Epoch 1/35
2026-09-26 08:55:45.460054: E external/local_xla/xla/stream_executor/cuda/cuda_timer.cc:86] Delay kernel timed out: measured time has sub-optimal accuracy. There may be a missing warmup execution, please investigate in Nsight Systems.
2026-09-26 08:55:45.601378: E external/local_xla/xla/stream_executor/cuda/cuda_timer.cc:86] Delay kernel timed out: measured time has sub-optimal accuracy. There may be a missing warmup execution, please investigate in Nsight Systems.
306/306 - 120s - 391ms/step - accuracy: 0.6844 - loss: 0.8764 - val_accuracy: 0.7500 - val_loss: 0.7005 - learning_rate: 1.0000e-05
Epoch 2/35
306/306 - 35s - 115ms/step - accuracy: 0.7641 - loss: 0.6480 - val_accuracy: 0.7812 - val_loss: 0.6129 - learning_rate: 1.0000e-05
Epoch 3/35
306/306 - 35s - 115ms/step - accuracy: 0.8015 - loss: 0.5499 - val_accuracy: 0.7917 - val_loss: 0.5746 - learning_rate: 1.0000e-05
Epoch 4/35
306/306 - 35s - 115ms/step - accuracy: 0.8201 - loss: 0.4933 - val_accuracy: 0.8171 - val_loss: 0.5414 - learning_rate: 1.0000e-05
Epoch 5/35
306/306 - 35s - 115ms/step - accuracy: 0.8391 - loss: 0.4542 - val_accuracy: 0.8356 - val_loss: 0.4842 - learning_rate: 1.0000e-05
Epoch 6/35
306/306 - 41s - 134ms/step - accuracy: 0.8446 - loss: 0.4291 - val_accuracy: 0.8472 - val_loss: 0.4480 - learning_rate: 1.0000e-05
Epoch 7/35
306/306 - 35s - 115ms/step - accuracy: 0.8564 - loss: 0.3903 - val_accuracy: 0.8519 - val_loss: 0.4205 - learning_rate: 1.0000e-05
Epoch 8/35
306/306 - 35s - 115ms/step - accuracy: 0.8701 - loss: 0.3625 - val_accuracy: 0.8681 - val_loss: 0.3914 - learning_rate: 1.0000e-05
Epoch 9/35
306/306 - 35s - 116ms/step - accuracy: 0.8815 - loss: 0.3292 - val_accuracy: 0.8796 - val_loss: 0.3657 - learning_rate: 1.0000e-05
Epoch 10/35
306/306 - 35s - 116ms/step - accuracy: 0.8781 - loss: 0.3341 - val_accuracy: 0.8796 - val_loss: 0.3478 - learning_rate: 1.0000e-05
Epoch 11/35
306/306 - 35s - 115ms/step - accuracy: 0.8842 - loss: 0.3097 - val_accuracy: 0.8866 - val_loss: 0.3171 - learning_rate: 1.0000e-05
Epoch 12/35
306/306 - 35s - 116ms/step - accuracy: 0.8907 - loss: 0.2888 - val_accuracy: 0.8877 - val_loss: 0.3080 - learning_rate: 1.0000e-05
Epoch 13/35
306/306 - 36s - 116ms/step - accuracy: 0.9003 - loss: 0.2816 - val_accuracy: 0.8981 - val_loss: 0.2765 - learning_rate: 1.0000e-05
Epoch 14/35
306/306 - 35s - 115ms/step - accuracy: 0.9083 - loss: 0.2440 - val_accuracy: 0.8970 - val_loss: 0.2742 - learning_rate: 1.0000e-05
Epoch 15/35
306/306 - 35s - 115ms/step - accuracy: 0.9099 - loss: 0.2500 - val_accuracy: 0.8981 - val_loss: 0.2600 - learning_rate: 1.0000e-05
Epoch 16/35
306/306 - 35s - 115ms/step - accuracy: 0.9156 - loss: 0.2296 - val_accuracy: 0.9016 - val_loss: 0.2463 - learning_rate: 1.0000e-05
Epoch 17/35
306/306 - 35s - 115ms/step - accuracy: 0.9246 - loss: 0.2129 - val_accuracy: 0.9086 - val_loss: 0.2332 - learning_rate: 1.0000e-05
Epoch 18/35
306/306 - 35s - 115ms/step - accuracy: 0.9161 - loss: 0.2318 - val_accuracy: 0.9120 - val_loss: 0.2274 - learning_rate: 1.0000e-05
Epoch 19/35
306/306 - 35s - 115ms/step - accuracy: 0.9281 - loss: 0.1984 - val_accuracy: 0.9236 - val_loss: 0.2077 - learning_rate: 1.0000e-05
Epoch 20/35
306/306 - 35s - 115ms/step - accuracy: 0.9367 - loss: 0.1851 - val_accuracy: 0.9259 - val_loss: 0.2076 - learning_rate: 1.0000e-05
Epoch 21/35
306/306 - 35s - 115ms/step - accuracy: 0.9369 - loss: 0.1809 - val_accuracy: 0.9248 - val_loss: 0.2108 - learning_rate: 1.0000e-05
Epoch 22/35
306/306 - 35s - 115ms/step - accuracy: 0.9353 - loss: 0.1804 - val_accuracy: 0.9375 - val_loss: 0.1868 - learning_rate: 1.0000e-05
Epoch 23/35
306/306 - 35s - 115ms/step - accuracy: 0.9312 - loss: 0.1805 - val_accuracy: 0.9468 - val_loss: 0.1751 - learning_rate: 1.0000e-05
Epoch 24/35
306/306 - 35s - 115ms/step - accuracy: 0.9397 - loss: 0.1672 - val_accuracy: 0.9444 - val_loss: 0.1707 - learning_rate: 1.0000e-05
Epoch 25/35
306/306 - 35s - 115ms/step - accuracy: 0.9455 - loss: 0.1596 - val_accuracy: 0.9514 - val_loss: 0.1633 - learning_rate: 1.0000e-05
Epoch 26/35
306/306 - 35s - 116ms/step - accuracy: 0.9440 - loss: 0.1504 - val_accuracy: 0.9583 - val_loss: 0.1544 - learning_rate: 1.0000e-05
Epoch 27/35
306/306 - 35s - 115ms/step - accuracy: 0.9457 - loss: 0.1504 - val_accuracy: 0.9537 - val_loss: 0.1572 - learning_rate: 1.0000e-05
Epoch 28/35
306/306 - 35s - 115ms/step - accuracy: 0.9481 - loss: 0.1391 - val_accuracy: 0.9537 - val_loss: 0.1519 - learning_rate: 1.0000e-05
Epoch 29/35
306/306 - 35s - 116ms/step - accuracy: 0.9557 - loss: 0.1349 - val_accuracy: 0.9560 - val_loss: 0.1499 - learning_rate: 1.0000e-05
Epoch 30/35
306/306 - 36s - 117ms/step - accuracy: 0.9545 - loss: 0.1333 - val_accuracy: 0.9549 - val_loss: 0.1462 - learning_rate: 1.0000e-05
Epoch 31/35
306/306 - 36s - 116ms/step - accuracy: 0.9585 - loss: 0.1265 - val_accuracy: 0.9583 - val_loss: 0.1411 - learning_rate: 1.0000e-05
Epoch 32/35
306/306 - 35s - 114ms/step - accuracy: 0.9592 - loss: 0.1199 - val_accuracy: 0.9595 - val_loss: 0.1349 - learning_rate: 1.0000e-05
Epoch 33/35
306/306 - 36s - 117ms/step - accuracy: 0.9581 - loss: 0.1303 - val_accuracy: 0.9595 - val_loss: 0.1334 - learning_rate: 1.0000e-05
Epoch 34/35
306/306 - 34s - 110ms/step - accuracy: 0.9616 - loss: 0.1168 - val_accuracy: 0.9653 - val_loss: 0.1297 - learning_rate: 1.0000e-05
Epoch 35/35
306/306 - 33s - 108ms/step - accuracy: 0.9551 - loss: 0.1260 - val_accuracy: 0.9688 - val_loss: 0.1199 - learning_rate: 1.0000e-05

Fold 1 [efficientnetb0] results: CNN=0.9563 (6.50 ms/img)  CNN+TTA=0.9764 (27.91 ms/img)  Ensemble=0.9778 (15.66 ms/img)  train_time=1640.8s (stage1=318.4s, stage2=1322.4s)

-- CNN+TTA classification report --
              precision    recall  f1-score   support

      glioma       0.99      0.97      0.98       360
  meningioma       0.96      0.96      0.96       360
     notumor       0.98      0.99      0.99       360
   pituitary       0.98      0.99      0.98       360

    accuracy                           0.98      1440
   macro avg       0.98      0.98      0.98      1440
weighted avg       0.98      0.98      0.98      1440

[[348   9   3   0]
 [  5 346   3   6]
 [  0   0 357   3]
 [  0   5   0 355]]

-- Embedding ensemble classification report --
              precision    recall  f1-score   support

      glioma       0.98      0.97      0.97       360
  meningioma       0.97      0.96      0.97       360
     notumor       0.99      0.99      0.99       360
   pituitary       0.98      0.99      0.98       360

    accuracy                           0.98      1440
   macro avg       0.98      0.98      0.98      1440
weighted avg       0.98      0.98      0.98      1440

[[349   8   2   1]
 [  5 347   2   6]
 [  1   0 357   2]
 [  1   4   0 355]]

======================================================================
efficientnetb0 -- FOLD 2/5
======================================================================
Train: 4896  Val: 864  Test: 1440
Epoch 1/8
306/306 - 68s - 221ms/step - accuracy: 0.7369 - loss: 0.7430 - val_accuracy: 0.7488 - val_loss: 0.6539
Epoch 2/8
306/306 - 34s - 112ms/step - accuracy: 0.8082 - loss: 0.5230 - val_accuracy: 0.7986 - val_loss: 0.5290
Epoch 3/8
306/306 - 34s - 111ms/step - accuracy: 0.8237 - loss: 0.4786 - val_accuracy: 0.7975 - val_loss: 0.5133
Epoch 4/8
306/306 - 34s - 111ms/step - accuracy: 0.8292 - loss: 0.4485 - val_accuracy: 0.7951 - val_loss: 0.5333
Epoch 5/8
306/306 - 34s - 112ms/step - accuracy: 0.8427 - loss: 0.4123 - val_accuracy: 0.8125 - val_loss: 0.4962
Epoch 6/8
306/306 - 34s - 111ms/step - accuracy: 0.8452 - loss: 0.3999 - val_accuracy: 0.7998 - val_loss: 0.5385
Epoch 7/8
306/306 - 34s - 112ms/step - accuracy: 0.8544 - loss: 0.3834 - val_accuracy: 0.8206 - val_loss: 0.4475
Epoch 8/8
306/306 - 34s - 112ms/step - accuracy: 0.8601 - loss: 0.3764 - val_accuracy: 0.8356 - val_loss: 0.4207
Epoch 1/35
306/306 - 119s - 390ms/step - accuracy: 0.6720 - loss: 0.8882 - val_accuracy: 0.7685 - val_loss: 0.6495 - learning_rate: 1.0000e-05
Epoch 2/35
306/306 - 36s - 117ms/step - accuracy: 0.7623 - loss: 0.6334 - val_accuracy: 0.8021 - val_loss: 0.5534 - learning_rate: 1.0000e-05
Epoch 3/35
306/306 - 36s - 116ms/step - accuracy: 0.7917 - loss: 0.5619 - val_accuracy: 0.8229 - val_loss: 0.4973 - learning_rate: 1.0000e-05
Epoch 4/35
306/306 - 36s - 116ms/step - accuracy: 0.8160 - loss: 0.5046 - val_accuracy: 0.8391 - val_loss: 0.4476 - learning_rate: 1.0000e-05
Epoch 5/35
306/306 - 36s - 117ms/step - accuracy: 0.8297 - loss: 0.4565 - val_accuracy: 0.8472 - val_loss: 0.4221 - learning_rate: 1.0000e-05
Epoch 6/35
306/306 - 36s - 116ms/step - accuracy: 0.8521 - loss: 0.4213 - val_accuracy: 0.8553 - val_loss: 0.4031 - learning_rate: 1.0000e-05
Epoch 7/35
306/306 - 36s - 116ms/step - accuracy: 0.8527 - loss: 0.3854 - val_accuracy: 0.8646 - val_loss: 0.3757 - learning_rate: 1.0000e-05
Epoch 8/35
306/306 - 36s - 117ms/step - accuracy: 0.8685 - loss: 0.3684 - val_accuracy: 0.8692 - val_loss: 0.3614 - learning_rate: 1.0000e-05
Epoch 9/35
306/306 - 36s - 117ms/step - accuracy: 0.8811 - loss: 0.3308 - val_accuracy: 0.8785 - val_loss: 0.3385 - learning_rate: 1.0000e-05
Epoch 10/35
306/306 - 35s - 116ms/step - accuracy: 0.8826 - loss: 0.3209 - val_accuracy: 0.8831 - val_loss: 0.3196 - learning_rate: 1.0000e-05
Epoch 11/35
306/306 - 36s - 116ms/step - accuracy: 0.8819 - loss: 0.3067 - val_accuracy: 0.8877 - val_loss: 0.3076 - learning_rate: 1.0000e-05
Epoch 12/35
306/306 - 36s - 117ms/step - accuracy: 0.9013 - loss: 0.2804 - val_accuracy: 0.8900 - val_loss: 0.2938 - learning_rate: 1.0000e-05
Epoch 13/35
306/306 - 35s - 116ms/step - accuracy: 0.9054 - loss: 0.2756 - val_accuracy: 0.8958 - val_loss: 0.2801 - learning_rate: 1.0000e-05
Epoch 14/35
306/306 - 36s - 116ms/step - accuracy: 0.9083 - loss: 0.2550 - val_accuracy: 0.9028 - val_loss: 0.2669 - learning_rate: 1.0000e-05
Epoch 15/35
306/306 - 35s - 116ms/step - accuracy: 0.9105 - loss: 0.2505 - val_accuracy: 0.9109 - val_loss: 0.2525 - learning_rate: 1.0000e-05
Epoch 16/35
306/306 - 36s - 116ms/step - accuracy: 0.9171 - loss: 0.2211 - val_accuracy: 0.9167 - val_loss: 0.2431 - learning_rate: 1.0000e-05
Epoch 17/35
306/306 - 35s - 116ms/step - accuracy: 0.9238 - loss: 0.2115 - val_accuracy: 0.9190 - val_loss: 0.2370 - learning_rate: 1.0000e-05
Epoch 18/35
306/306 - 36s - 116ms/step - accuracy: 0.9205 - loss: 0.2181 - val_accuracy: 0.9294 - val_loss: 0.2252 - learning_rate: 1.0000e-05
Epoch 19/35
306/306 - 36s - 116ms/step - accuracy: 0.9279 - loss: 0.2045 - val_accuracy: 0.9282 - val_loss: 0.2216 - learning_rate: 1.0000e-05
Epoch 20/35
306/306 - 36s - 116ms/step - accuracy: 0.9332 - loss: 0.1960 - val_accuracy: 0.9282 - val_loss: 0.2210 - learning_rate: 1.0000e-05
Epoch 21/35
306/306 - 36s - 116ms/step - accuracy: 0.9373 - loss: 0.1743 - val_accuracy: 0.9306 - val_loss: 0.2131 - learning_rate: 1.0000e-05
Epoch 22/35
306/306 - 36s - 116ms/step - accuracy: 0.9395 - loss: 0.1770 - val_accuracy: 0.9306 - val_loss: 0.2099 - learning_rate: 1.0000e-05
Epoch 23/35
306/306 - 36s - 116ms/step - accuracy: 0.9344 - loss: 0.1841 - val_accuracy: 0.9329 - val_loss: 0.2080 - learning_rate: 1.0000e-05
Epoch 24/35
306/306 - 36s - 117ms/step - accuracy: 0.9385 - loss: 0.1745 - val_accuracy: 0.9363 - val_loss: 0.1942 - learning_rate: 1.0000e-05
Epoch 25/35
306/306 - 36s - 116ms/step - accuracy: 0.9404 - loss: 0.1669 - val_accuracy: 0.9375 - val_loss: 0.1849 - learning_rate: 1.0000e-05
Epoch 26/35
306/306 - 35s - 116ms/step - accuracy: 0.9479 - loss: 0.1471 - val_accuracy: 0.9375 - val_loss: 0.1794 - learning_rate: 1.0000e-05
Epoch 27/35
306/306 - 35s - 115ms/step - accuracy: 0.9496 - loss: 0.1419 - val_accuracy: 0.9352 - val_loss: 0.1862 - learning_rate: 1.0000e-05
Epoch 28/35
306/306 - 35s - 116ms/step - accuracy: 0.9534 - loss: 0.1357 - val_accuracy: 0.9421 - val_loss: 0.1712 - learning_rate: 1.0000e-05
Epoch 29/35
306/306 - 35s - 116ms/step - accuracy: 0.9518 - loss: 0.1330 - val_accuracy: 0.9456 - val_loss: 0.1723 - learning_rate: 1.0000e-05
Epoch 30/35
306/306 - 35s - 115ms/step - accuracy: 0.9571 - loss: 0.1330 - val_accuracy: 0.9433 - val_loss: 0.1732 - learning_rate: 1.0000e-05
Epoch 31/35
306/306 - 35s - 116ms/step - accuracy: 0.9542 - loss: 0.1323 - val_accuracy: 0.9456 - val_loss: 0.1582 - learning_rate: 1.0000e-05
Epoch 32/35
306/306 - 36s - 116ms/step - accuracy: 0.9602 - loss: 0.1171 - val_accuracy: 0.9491 - val_loss: 0.1537 - learning_rate: 1.0000e-05
Epoch 33/35
306/306 - 35s - 116ms/step - accuracy: 0.9538 - loss: 0.1287 - val_accuracy: 0.9491 - val_loss: 0.1545 - learning_rate: 1.0000e-05
Epoch 34/35
306/306 - 35s - 116ms/step - accuracy: 0.9647 - loss: 0.1087 - val_accuracy: 0.9514 - val_loss: 0.1534 - learning_rate: 1.0000e-05
Epoch 35/35
306/306 - 36s - 116ms/step - accuracy: 0.9571 - loss: 0.1269 - val_accuracy: 0.9514 - val_loss: 0.1524 - learning_rate: 1.0000e-05

Fold 2 [efficientnetb0] results: CNN=0.9590 (7.05 ms/img)  CNN+TTA=0.9750 (28.63 ms/img)  Ensemble=0.9722 (15.36 ms/img)  train_time=1634.2s (stage1=306.6s, stage2=1327.6s)

-- CNN+TTA classification report --
              precision    recall  f1-score   support

      glioma       0.97      0.96      0.97       360
  meningioma       0.96      0.95      0.96       360
     notumor       0.99      0.99      0.99       360
   pituitary       0.98      0.99      0.99       360

    accuracy                           0.97      1440
   macro avg       0.97      0.97      0.97      1440
weighted avg       0.97      0.97      0.97      1440

[[346  13   1   0]
 [  7 343   4   6]
 [  3   0 357   0]
 [  0   2   0 358]]

-- Embedding ensemble classification report --
              precision    recall  f1-score   support

      glioma       0.97      0.96      0.97       360
  meningioma       0.95      0.96      0.95       360
     notumor       0.98      0.99      0.98       360
   pituitary       0.99      0.98      0.98       360

    accuracy                           0.97      1440
   macro avg       0.97      0.97      0.97      1440
weighted avg       0.97      0.97      0.97      1440

[[346  13   1   0]
 [  7 345   4   4]
 [  3   1 355   1]
 [  0   5   1 354]]

======================================================================
efficientnetb0 -- FOLD 3/5
======================================================================
Train: 4896  Val: 864  Test: 1440
Epoch 1/8
306/306 - 68s - 223ms/step - accuracy: 0.7508 - loss: 0.7247 - val_accuracy: 0.7373 - val_loss: 0.7042
Epoch 2/8
306/306 - 34s - 112ms/step - accuracy: 0.8145 - loss: 0.4914 - val_accuracy: 0.7963 - val_loss: 0.6427
Epoch 3/8
306/306 - 34s - 112ms/step - accuracy: 0.8282 - loss: 0.4558 - val_accuracy: 0.8241 - val_loss: 0.5311
Epoch 4/8
306/306 - 34s - 112ms/step - accuracy: 0.8364 - loss: 0.4381 - val_accuracy: 0.8137 - val_loss: 0.5747
Epoch 5/8
306/306 - 34s - 112ms/step - accuracy: 0.8482 - loss: 0.4105 - val_accuracy: 0.8241 - val_loss: 0.5008
Epoch 6/8
306/306 - 34s - 112ms/step - accuracy: 0.8489 - loss: 0.3899 - val_accuracy: 0.8218 - val_loss: 0.5132
Epoch 7/8
306/306 - 34s - 112ms/step - accuracy: 0.8607 - loss: 0.3696 - val_accuracy: 0.8264 - val_loss: 0.5163
Epoch 8/8
306/306 - 34s - 112ms/step - accuracy: 0.8554 - loss: 0.3744 - val_accuracy: 0.8484 - val_loss: 0.4597
Epoch 1/35
306/306 - 119s - 388ms/step - accuracy: 0.6689 - loss: 0.9002 - val_accuracy: 0.7870 - val_loss: 0.6063 - learning_rate: 1.0000e-05
Epoch 2/35
306/306 - 36s - 116ms/step - accuracy: 0.7592 - loss: 0.6690 - val_accuracy: 0.8160 - val_loss: 0.5507 - learning_rate: 1.0000e-05
Epoch 3/35
306/306 - 36s - 118ms/step - accuracy: 0.7945 - loss: 0.5579 - val_accuracy: 0.8287 - val_loss: 0.5108 - learning_rate: 1.0000e-05
Epoch 4/35
306/306 - 36s - 117ms/step - accuracy: 0.8178 - loss: 0.4921 - val_accuracy: 0.8426 - val_loss: 0.4827 - learning_rate: 1.0000e-05
Epoch 5/35
306/306 - 36s - 117ms/step - accuracy: 0.8321 - loss: 0.4555 - val_accuracy: 0.8530 - val_loss: 0.4515 - learning_rate: 1.0000e-05
Epoch 6/35
306/306 - 36s - 116ms/step - accuracy: 0.8425 - loss: 0.4277 - val_accuracy: 0.8576 - val_loss: 0.4305 - learning_rate: 1.0000e-05
Epoch 7/35
306/306 - 36s - 116ms/step - accuracy: 0.8523 - loss: 0.3959 - val_accuracy: 0.8646 - val_loss: 0.4020 - learning_rate: 1.0000e-05
Epoch 8/35
306/306 - 36s - 116ms/step - accuracy: 0.8689 - loss: 0.3623 - val_accuracy: 0.8727 - val_loss: 0.3784 - learning_rate: 1.0000e-05
Epoch 9/35
306/306 - 35s - 116ms/step - accuracy: 0.8785 - loss: 0.3269 - val_accuracy: 0.8854 - val_loss: 0.3489 - learning_rate: 1.0000e-05
Epoch 10/35
306/306 - 35s - 116ms/step - accuracy: 0.8838 - loss: 0.3297 - val_accuracy: 0.8935 - val_loss: 0.3397 - learning_rate: 1.0000e-05
Epoch 11/35
306/306 - 35s - 115ms/step - accuracy: 0.8895 - loss: 0.3095 - val_accuracy: 0.9016 - val_loss: 0.3173 - learning_rate: 1.0000e-05
Epoch 12/35
306/306 - 35s - 114ms/step - accuracy: 0.8975 - loss: 0.2838 - val_accuracy: 0.9051 - val_loss: 0.3009 - learning_rate: 1.0000e-05
Epoch 13/35
306/306 - 35s - 116ms/step - accuracy: 0.9013 - loss: 0.2746 - val_accuracy: 0.9109 - val_loss: 0.2837 - learning_rate: 1.0000e-05
Epoch 14/35
306/306 - 35s - 115ms/step - accuracy: 0.9099 - loss: 0.2556 - val_accuracy: 0.9120 - val_loss: 0.2645 - learning_rate: 1.0000e-05
Epoch 15/35
306/306 - 35s - 115ms/step - accuracy: 0.9038 - loss: 0.2609 - val_accuracy: 0.9144 - val_loss: 0.2614 - learning_rate: 1.0000e-05
Epoch 16/35
306/306 - 36s - 116ms/step - accuracy: 0.9193 - loss: 0.2283 - val_accuracy: 0.9236 - val_loss: 0.2366 - learning_rate: 1.0000e-05
Epoch 17/35
306/306 - 35s - 115ms/step - accuracy: 0.9189 - loss: 0.2175 - val_accuracy: 0.9225 - val_loss: 0.2413 - learning_rate: 1.0000e-05
Epoch 18/35
306/306 - 35s - 115ms/step - accuracy: 0.9230 - loss: 0.2192 - val_accuracy: 0.9294 - val_loss: 0.2169 - learning_rate: 1.0000e-05
Epoch 19/35
306/306 - 35s - 116ms/step - accuracy: 0.9246 - loss: 0.2070 - val_accuracy: 0.9317 - val_loss: 0.2056 - learning_rate: 1.0000e-05
Epoch 20/35
306/306 - 36s - 116ms/step - accuracy: 0.9367 - loss: 0.1893 - val_accuracy: 0.9329 - val_loss: 0.1921 - learning_rate: 1.0000e-05
Epoch 21/35
306/306 - 35s - 115ms/step - accuracy: 0.9328 - loss: 0.1884 - val_accuracy: 0.9352 - val_loss: 0.1956 - learning_rate: 1.0000e-05
Epoch 22/35
306/306 - 35s - 116ms/step - accuracy: 0.9310 - loss: 0.1963 - val_accuracy: 0.9398 - val_loss: 0.1885 - learning_rate: 1.0000e-05
Epoch 23/35
306/306 - 36s - 116ms/step - accuracy: 0.9367 - loss: 0.1847 - val_accuracy: 0.9456 - val_loss: 0.1675 - learning_rate: 1.0000e-05
Epoch 24/35
306/306 - 35s - 116ms/step - accuracy: 0.9412 - loss: 0.1718 - val_accuracy: 0.9468 - val_loss: 0.1696 - learning_rate: 1.0000e-05
Epoch 25/35
306/306 - 35s - 116ms/step - accuracy: 0.9397 - loss: 0.1671 - val_accuracy: 0.9410 - val_loss: 0.1673 - learning_rate: 1.0000e-05
Epoch 26/35
306/306 - 36s - 117ms/step - accuracy: 0.9481 - loss: 0.1522 - val_accuracy: 0.9456 - val_loss: 0.1681 - learning_rate: 1.0000e-05
Epoch 27/35
306/306 - 36s - 116ms/step - accuracy: 0.9422 - loss: 0.1586 - val_accuracy: 0.9456 - val_loss: 0.1643 - learning_rate: 1.0000e-05
Epoch 28/35
306/306 - 36s - 116ms/step - accuracy: 0.9514 - loss: 0.1411 - val_accuracy: 0.9491 - val_loss: 0.1541 - learning_rate: 1.0000e-05
Epoch 29/35
306/306 - 36s - 116ms/step - accuracy: 0.9504 - loss: 0.1341 - val_accuracy: 0.9514 - val_loss: 0.1549 - learning_rate: 1.0000e-05
Epoch 30/35
306/306 - 35s - 115ms/step - accuracy: 0.9530 - loss: 0.1383 - val_accuracy: 0.9525 - val_loss: 0.1564 - learning_rate: 1.0000e-05
Epoch 31/35
306/306 - 36s - 116ms/step - accuracy: 0.9557 - loss: 0.1316 - val_accuracy: 0.9560 - val_loss: 0.1439 - learning_rate: 1.0000e-05
Epoch 32/35
306/306 - 35s - 115ms/step - accuracy: 0.9559 - loss: 0.1201 - val_accuracy: 0.9537 - val_loss: 0.1460 - learning_rate: 1.0000e-05
Epoch 33/35
306/306 - 36s - 116ms/step - accuracy: 0.9583 - loss: 0.1226 - val_accuracy: 0.9549 - val_loss: 0.1423 - learning_rate: 1.0000e-05
Epoch 34/35
306/306 - 35s - 116ms/step - accuracy: 0.9585 - loss: 0.1232 - val_accuracy: 0.9560 - val_loss: 0.1398 - learning_rate: 1.0000e-05
Epoch 35/35
306/306 - 35s - 116ms/step - accuracy: 0.9561 - loss: 0.1274 - val_accuracy: 0.9583 - val_loss: 0.1310 - learning_rate: 1.0000e-05

Fold 3 [efficientnetb0] results: CNN=0.9563 (7.14 ms/img)  CNN+TTA=0.9757 (28.07 ms/img)  Ensemble=0.9701 (15.94 ms/img)  train_time=1632.6s (stage1=308.1s, stage2=1324.5s)

-- CNN+TTA classification report --
              precision    recall  f1-score   support

      glioma       0.99      0.96      0.98       360
  meningioma       0.95      0.96      0.96       360
     notumor       0.99      0.98      0.99       360
   pituitary       0.96      1.00      0.98       360

    accuracy                           0.98      1440
   macro avg       0.98      0.98      0.98      1440
weighted avg       0.98      0.98      0.98      1440

[[345  13   2   0]
 [  2 347   0  11]
 [  0   4 353   3]
 [  0   0   0 360]]

-- Embedding ensemble classification report --
              precision    recall  f1-score   support

      glioma       0.98      0.95      0.96       360
  meningioma       0.95      0.96      0.95       360
     notumor       0.99      0.98      0.98       360
   pituitary       0.97      1.00      0.98       360

    accuracy                           0.97      1440
   macro avg       0.97      0.97      0.97      1440
weighted avg       0.97      0.97      0.97      1440

[[341  16   3   0]
 [  5 344   0  11]
 [  2   4 352   2]
 [  0   0   0 360]]

======================================================================
efficientnetb0 -- FOLD 4/5
======================================================================
Train: 4896  Val: 864  Test: 1440
Epoch 1/8
306/306 - 70s - 228ms/step - accuracy: 0.7443 - loss: 0.7481 - val_accuracy: 0.7523 - val_loss: 0.6206
Epoch 2/8
306/306 - 34s - 113ms/step - accuracy: 0.8056 - loss: 0.5241 - val_accuracy: 0.7801 - val_loss: 0.5452
Epoch 3/8
306/306 - 35s - 113ms/step - accuracy: 0.8286 - loss: 0.4587 - val_accuracy: 0.7975 - val_loss: 0.5250
Epoch 4/8
306/306 - 34s - 112ms/step - accuracy: 0.8313 - loss: 0.4517 - val_accuracy: 0.7975 - val_loss: 0.5272
Epoch 5/8
306/306 - 34s - 111ms/step - accuracy: 0.8448 - loss: 0.4197 - val_accuracy: 0.8171 - val_loss: 0.4548
Epoch 6/8
306/306 - 34s - 112ms/step - accuracy: 0.8578 - loss: 0.3763 - val_accuracy: 0.8102 - val_loss: 0.4842
Epoch 7/8
306/306 - 34s - 111ms/step - accuracy: 0.8472 - loss: 0.3936 - val_accuracy: 0.7917 - val_loss: 0.5177
Epoch 8/8
306/306 - 34s - 112ms/step - accuracy: 0.8621 - loss: 0.3673 - val_accuracy: 0.8299 - val_loss: 0.4140
Epoch 1/35
306/306 - 117s - 382ms/step - accuracy: 0.6501 - loss: 0.9547 - val_accuracy: 0.7685 - val_loss: 0.6139 - learning_rate: 1.0000e-05
Epoch 2/35
306/306 - 35s - 116ms/step - accuracy: 0.7551 - loss: 0.6728 - val_accuracy: 0.8021 - val_loss: 0.5372 - learning_rate: 1.0000e-05
Epoch 3/35
306/306 - 35s - 115ms/step - accuracy: 0.7902 - loss: 0.5738 - val_accuracy: 0.8275 - val_loss: 0.4877 - learning_rate: 1.0000e-05
Epoch 4/35
306/306 - 35s - 116ms/step - accuracy: 0.8211 - loss: 0.4907 - val_accuracy: 0.8368 - val_loss: 0.4495 - learning_rate: 1.0000e-05
Epoch 5/35
306/306 - 35s - 116ms/step - accuracy: 0.8250 - loss: 0.4719 - val_accuracy: 0.8414 - val_loss: 0.4337 - learning_rate: 1.0000e-05
Epoch 6/35
306/306 - 35s - 116ms/step - accuracy: 0.8401 - loss: 0.4468 - val_accuracy: 0.8530 - val_loss: 0.4097 - learning_rate: 1.0000e-05
Epoch 7/35
306/306 - 36s - 116ms/step - accuracy: 0.8491 - loss: 0.4113 - val_accuracy: 0.8553 - val_loss: 0.3994 - learning_rate: 1.0000e-05
Epoch 8/35
306/306 - 35s - 116ms/step - accuracy: 0.8642 - loss: 0.3622 - val_accuracy: 0.8634 - val_loss: 0.3812 - learning_rate: 1.0000e-05
Epoch 9/35
306/306 - 36s - 118ms/step - accuracy: 0.8772 - loss: 0.3324 - val_accuracy: 0.8750 - val_loss: 0.3562 - learning_rate: 1.0000e-05
Epoch 10/35
306/306 - 36s - 116ms/step - accuracy: 0.8815 - loss: 0.3266 - val_accuracy: 0.8796 - val_loss: 0.3385 - learning_rate: 1.0000e-05
Epoch 11/35
306/306 - 36s - 116ms/step - accuracy: 0.8864 - loss: 0.3014 - val_accuracy: 0.8843 - val_loss: 0.3221 - learning_rate: 1.0000e-05
Epoch 12/35
306/306 - 36s - 117ms/step - accuracy: 0.9079 - loss: 0.2539 - val_accuracy: 0.9016 - val_loss: 0.2690 - learning_rate: 1.0000e-05
Epoch 16/35
306/306 - 35s - 116ms/step - accuracy: 0.9158 - loss: 0.2262 - val_accuracy: 0.8993 - val_loss: 0.2693 - learning_rate: 1.0000e-05
Epoch 17/35
306/306 - 36s - 116ms/step - accuracy: 0.9232 - loss: 0.2188 - val_accuracy: 0.9028 - val_loss: 0.2545 - learning_rate: 1.0000e-05
Epoch 18/35
306/306 - 36s - 117ms/step - accuracy: 0.9250 - loss: 0.2146 - val_accuracy: 0.9144 - val_loss: 0.2316 - learning_rate: 1.0000e-05
Epoch 19/35
306/306 - 36s - 117ms/step - accuracy: 0.9261 - loss: 0.2055 - val_accuracy: 0.9236 - val_loss: 0.2194 - learning_rate: 1.0000e-05
Epoch 20/35
306/306 - 36s - 116ms/step - accuracy: 0.9301 - loss: 0.1915 - val_accuracy: 0.9248 - val_loss: 0.2068 - learning_rate: 1.0000e-05
Epoch 21/35
306/306 - 36s - 116ms/step - accuracy: 0.9377 - loss: 0.1800 - val_accuracy: 0.9352 - val_loss: 0.1861 - learning_rate: 1.0000e-05
Epoch 22/35
306/306 - 36s - 117ms/step - accuracy: 0.9336 - loss: 0.1793 - val_accuracy: 0.9398 - val_loss: 0.1746 - learning_rate: 1.0000e-05
Epoch 23/35
306/306 - 36s - 117ms/step - accuracy: 0.9344 - loss: 0.1806 - val_accuracy: 0.9421 - val_loss: 0.1650 - learning_rate: 1.0000e-05
Epoch 24/35
306/306 - 36s - 117ms/step - accuracy: 0.9400 - loss: 0.1624 - val_accuracy: 0.9456 - val_loss: 0.1595 - learning_rate: 1.0000e-05
Epoch 25/35
306/306 - 35s - 116ms/step - accuracy: 0.9479 - loss: 0.1526 - val_accuracy: 0.9444 - val_loss: 0.1610 - learning_rate: 1.0000e-05
Epoch 26/35
306/306 - 36s - 116ms/step - accuracy: 0.9457 - loss: 0.1578 - val_accuracy: 0.9479 - val_loss: 0.1504 - learning_rate: 1.0000e-05
Epoch 27/35
306/306 - 36s - 116ms/step - accuracy: 0.9487 - loss: 0.1493 - val_accuracy: 0.9479 - val_loss: 0.1392 - learning_rate: 1.0000e-05
Epoch 28/35
306/306 - 36s - 116ms/step - accuracy: 0.9475 - loss: 0.1439 - val_accuracy: 0.9491 - val_loss: 0.1357 - learning_rate: 1.0000e-05
Epoch 29/35
306/306 - 36s - 116ms/step - accuracy: 0.9563 - loss: 0.1256 - val_accuracy: 0.9525 - val_loss: 0.1290 - learning_rate: 1.0000e-05
Epoch 30/35
306/306 - 35s - 115ms/step - accuracy: 0.9547 - loss: 0.1330 - val_accuracy: 0.9549 - val_loss: 0.1321 - learning_rate: 1.0000e-05
Epoch 31/35
306/306 - 35s - 115ms/step - accuracy: 0.9610 - loss: 0.1212 - val_accuracy: 0.9537 - val_loss: 0.1329 - learning_rate: 1.0000e-05
Epoch 32/35
306/306 - 36s - 117ms/step - accuracy: 0.9581 - loss: 0.1221 - val_accuracy: 0.9583 - val_loss: 0.1270 - learning_rate: 1.0000e-05
Epoch 33/35
306/306 - 35s - 115ms/step - accuracy: 0.9592 - loss: 0.1228 - val_accuracy: 0.9560 - val_loss: 0.1241 - learning_rate: 1.0000e-05
Epoch 34/35
306/306 - 35s - 115ms/step - accuracy: 0.9587 - loss: 0.1134 - val_accuracy: 0.9606 - val_loss: 0.1122 - learning_rate: 1.0000e-05
Epoch 35/35
306/306 - 35s - 116ms/step - accuracy: 0.9553 - loss: 0.1258 - val_accuracy: 0.9664 - val_loss: 0.1081 - learning_rate: 1.0000e-05

Fold 4 [efficientnetb0] results: CNN=0.9646 (7.29 ms/img)  CNN+TTA=0.9819 (27.85 ms/img)  Ensemble=0.9715 (15.33 ms/img)  train_time=1635.6s (stage1=309.8s, stage2=1325.8s)

-- CNN+TTA classification report --
              precision    recall  f1-score   support

      glioma       0.98      0.97      0.97       360
  meningioma       0.97      0.99      0.98       360
     notumor       0.99      0.99      0.99       360
   pituitary       0.99      0.98      0.99       360

    accuracy                           0.98      1440
   macro avg       0.98      0.98      0.98      1440
weighted avg       0.98      0.98      0.98      1440

[[348   7   4   1]
 [  4 355   0   1]
 [  1   0 358   1]
 [  1   5   1 353]]

-- Embedding ensemble classification report --
              precision    recall  f1-score   support

      glioma       0.98      0.95      0.97       360
  meningioma       0.94      0.98      0.96       360
     notumor       0.98      0.99      0.98       360
   pituitary       0.99      0.96      0.97       360

    accuracy                           0.97      1440
   macro avg       0.97      0.97      0.97      1440
weighted avg       0.97      0.97      0.97      1440

[[343  10   5   2]
 [  5 354   0   1]
 [  0   3 356   1]
 [  1  10   3 346]]

======================================================================
efficientnetb0 -- FOLD 5/5
======================================================================
Train: 4896  Val: 864  Test: 1440
Epoch 1/8
306/306 - 68s - 221ms/step - accuracy: 0.7433 - loss: 0.7167 - val_accuracy: 0.7708 - val_loss: 0.6488
Epoch 2/8
306/306 - 34s - 111ms/step - accuracy: 0.8221 - loss: 0.4850 - val_accuracy: 0.8032 - val_loss: 0.5671
Epoch 3/8
306/306 - 35s - 113ms/step - accuracy: 0.8309 - loss: 0.4607 - val_accuracy: 0.8252 - val_loss: 0.5147
Epoch 4/8
306/306 - 34s - 112ms/step - accuracy: 0.8303 - loss: 0.4451 - val_accuracy: 0.8264 - val_loss: 0.5025
Epoch 5/8
306/306 - 34s - 113ms/step - accuracy: 0.8431 - loss: 0.4121 - val_accuracy: 0.8252 - val_loss: 0.5081
Epoch 6/8
306/306 - 34s - 112ms/step - accuracy: 0.8536 - loss: 0.3848 - val_accuracy: 0.8241 - val_loss: 0.5209
Epoch 7/8
306/306 - 35s - 113ms/step - accuracy: 0.8499 - loss: 0.3903 - val_accuracy: 0.8403 - val_loss: 0.4421
Epoch 8/8
306/306 - 34s - 112ms/step - accuracy: 0.8611 - loss: 0.3667 - val_accuracy: 0.8391 - val_loss: 0.4421
Epoch 1/35
306/306 - 119s - 388ms/step - accuracy: 0.6614 - loss: 0.9229 - val_accuracy: 0.7674 - val_loss: 0.6622 - learning_rate: 1.0000e-05
Epoch 2/35
306/306 - 36s - 116ms/step - accuracy: 0.7535 - loss: 0.6829 - val_accuracy: 0.8090 - val_loss: 0.5695 - learning_rate: 1.0000e-05
Epoch 3/35
306/306 - 36s - 116ms/step - accuracy: 0.7935 - loss: 0.5624 - val_accuracy: 0.8275 - val_loss: 0.5381 - learning_rate: 1.0000e-05
Epoch 4/35
306/306 - 36s - 118ms/step - accuracy: 0.8041 - loss: 0.5100 - val_accuracy: 0.8380 - val_loss: 0.4973 - learning_rate: 1.0000e-05
Epoch 5/35
306/306 - 36s - 116ms/step - accuracy: 0.8292 - loss: 0.4541 - val_accuracy: 0.8449 - val_loss: 0.4740 - learning_rate: 1.0000e-05
Epoch 6/35
306/306 - 35s - 116ms/step - accuracy: 0.8468 - loss: 0.4396 - val_accuracy: 0.8507 - val_loss: 0.4479 - learning_rate: 1.0000e-05
Epoch 7/35
306/306 - 36s - 116ms/step - accuracy: 0.8578 - loss: 0.3834 - val_accuracy: 0.8634 - val_loss: 0.4154 - learning_rate: 1.0000e-05
Epoch 8/35
306/306 - 36s - 116ms/step - accuracy: 0.8666 - loss: 0.3563 - val_accuracy: 0.8762 - val_loss: 0.3879 - learning_rate: 1.0000e-05
Epoch 9/35
306/306 - 36s - 116ms/step - accuracy: 0.8826 - loss: 0.3204 - val_accuracy: 0.8785 - val_loss: 0.3746 - learning_rate: 1.0000e-05
Epoch 10/35
306/306 - 35s - 115ms/step - accuracy: 0.8793 - loss: 0.3289 - val_accuracy: 0.8819 - val_loss: 0.3554 - learning_rate: 1.0000e-05
Epoch 11/35
306/306 - 35s - 114ms/step - accuracy: 0.8885 - loss: 0.2982 - val_accuracy: 0.8889 - val_loss: 0.3277 - learning_rate: 1.0000e-05
Epoch 12/35
306/306 - 35s - 115ms/step - accuracy: 0.8948 - loss: 0.2825 - val_accuracy: 0.8935 - val_loss: 0.3193 - learning_rate: 1.0000e-05
Epoch 13/35
306/306 - 35s - 115ms/step - accuracy: 0.9026 - loss: 0.2710 - val_accuracy: 0.9062 - val_loss: 0.2957 - learning_rate: 1.0000e-05
Epoch 14/35
306/306 - 35s - 115ms/step - accuracy: 0.9069 - loss: 0.2527 - val_accuracy: 0.9132 - val_loss: 0.2759 - learning_rate: 1.0000e-05
Epoch 15/35
306/306 - 34s - 112ms/step - accuracy: 0.9040 - loss: 0.2552 - val_accuracy: 0.9155 - val_loss: 0.2748 - learning_rate: 1.0000e-05
Epoch 16/35
306/306 - 34s - 112ms/step - accuracy: 0.9154 - loss: 0.2284 - val_accuracy: 0.9120 - val_loss: 0.2633 - learning_rate: 1.0000e-05
Epoch 17/35
306/306 - 35s - 113ms/step - accuracy: 0.9234 - loss: 0.2190 - val_accuracy: 0.9155 - val_loss: 0.2480 - learning_rate: 1.0000e-05
Epoch 18/35
306/306 - 35s - 114ms/step - accuracy: 0.9267 - loss: 0.2122 - val_accuracy: 0.9236 - val_loss: 0.2348 - learning_rate: 1.0000e-05
Epoch 19/35
306/306 - 36s - 117ms/step - accuracy: 0.9238 - loss: 0.2085 - val_accuracy: 0.9259 - val_loss: 0.2264 - learning_rate: 1.0000e-05
Epoch 20/35
306/306 - 36s - 116ms/step - accuracy: 0.9285 - loss: 0.1900 - val_accuracy: 0.9271 - val_loss: 0.2319 - learning_rate: 1.0000e-05
Epoch 21/35
306/306 - 35s - 115ms/step - accuracy: 0.9383 - loss: 0.1705 - val_accuracy: 0.9317 - val_loss: 0.2154 - learning_rate: 1.0000e-05
Epoch 22/35
306/306 - 32s - 103ms/step - accuracy: 0.9344 - loss: 0.1747 - val_accuracy: 0.9294 - val_loss: 0.2068 - learning_rate: 1.0000e-05
Epoch 23/35
306/306 - 32s - 103ms/step - accuracy: 0.9342 - loss: 0.1863 - val_accuracy: 0.9294 - val_loss: 0.2044 - learning_rate: 1.0000e-05
Epoch 24/35
306/306 - 32s - 103ms/step - accuracy: 0.9430 - loss: 0.1605 - val_accuracy: 0.9340 - val_loss: 0.1922 - learning_rate: 1.0000e-05
Epoch 25/35
306/306 - 31s - 103ms/step - accuracy: 0.9426 - loss: 0.1606 - val_accuracy: 0.9375 - val_loss: 0.1913 - learning_rate: 1.0000e-05
Epoch 26/35
306/306 - 31s - 100ms/step - accuracy: 0.9440 - loss: 0.1593 - val_accuracy: 0.9340 - val_loss: 0.1954 - learning_rate: 1.0000e-05
Epoch 27/35
306/306 - 33s - 107ms/step - accuracy: 0.9479 - loss: 0.1482 - val_accuracy: 0.9340 - val_loss: 0.1907 - learning_rate: 1.0000e-05
Epoch 28/35
306/306 - 34s - 112ms/step - accuracy: 0.9498 - loss: 0.1403 - val_accuracy: 0.9398 - val_loss: 0.1839 - learning_rate: 1.0000e-05
Epoch 29/35
306/306 - 34s - 112ms/step - accuracy: 0.9557 - loss: 0.1282 - val_accuracy: 0.9410 - val_loss: 0.1755 - learning_rate: 1.0000e-05
Epoch 30/35
306/306 - 34s - 112ms/step - accuracy: 0.9532 - loss: 0.1331 - val_accuracy: 0.9456 - val_loss: 0.1721 - learning_rate: 1.0000e-05
Epoch 31/35
306/306 - 34s - 112ms/step - accuracy: 0.9567 - loss: 0.1184 - val_accuracy: 0.9444 - val_loss: 0.1657 - learning_rate: 1.0000e-05
Epoch 32/35
306/306 - 34s - 112ms/step - accuracy: 0.9524 - loss: 0.1318 - val_accuracy: 0.9468 - val_loss: 0.1643 - learning_rate: 1.0000e-05
Epoch 33/35
306/306 - 35s - 113ms/step - accuracy: 0.9587 - loss: 0.1216 - val_accuracy: 0.9502 - val_loss: 0.1515 - learning_rate: 1.0000e-05
Epoch 34/35
306/306 - 35s - 115ms/step - accuracy: 0.9606 - loss: 0.1161 - val_accuracy: 0.9514 - val_loss: 0.1533 - learning_rate: 1.0000e-05
Epoch 35/35
306/306 - 35s - 114ms/step - accuracy: 0.9579 - loss: 0.1232 - val_accuracy: 0.9525 - val_loss: 0.1510 - learning_rate: 1.0000e-05

Fold 5 [efficientnetb0] results: CNN=0.9646 (7.10 ms/img)  CNN+TTA=0.9785 (27.85 ms/img)  Ensemble=0.9715 (15.31 ms/img)  train_time=1597.6s (stage1=308.2s, stage2=1289.4s)

-- CNN+TTA classification report --
              precision    recall  f1-score   support

      glioma       0.97      0.96      0.97       360
  meningioma       0.96      0.97      0.97       360
     notumor       0.99      0.99      0.99       360
   pituitary       0.99      0.99      0.99       360

    accuracy                           0.98      1440
   macro avg       0.98      0.98      0.98      1440
weighted avg       0.98      0.98      0.98      1440

[[346  11   2   1]
 [  6 350   1   3]
 [  3   0 356   1]
 [  0   3   0 357]]

-- Embedding ensemble classification report --
              precision    recall  f1-score   support

      glioma       0.98      0.95      0.96       360
  meningioma       0.95      0.96      0.96       360
     notumor       0.98      0.99      0.99       360
   pituitary       0.97      0.99      0.98       360

    accuracy                           0.97      1440
   macro avg       0.97      0.97      0.97      1440
weighted avg       0.97      0.97      0.97      1440

[[342  13   3   2]
 [  6 345   3   6]
 [  1   0 357   2]
 [  1   4   0 355]]

======================================================================
FINAL 5-FOLD SUMMARY -- efficientnetb0
======================================================================
CNN (softmax)                           : 96.01% +/- 0.38%   (folds: ['95.62', '95.90', '95.62', '96.46', '96.46'])
CNN + TTA                               : 97.75% +/- 0.25%   (folds: ['97.64', '97.50', '97.57', '98.19', '97.85'])
CNN-embedding ensemble (RF+XGB+SVM)     : 97.26% +/- 0.27%   (folds: ['97.78', '97.22', '97.01', '97.15', '97.15'])

Per-fold rows appended to /kaggle/working/backbone_sweep.jsonl -- download this file and paste/attach its contents for the paper write-up.